ID,Name,Term,Phone,Address,Price,Rating,Number of Review,Cuisine
VdAVjghEq_Zl-DDte0mjrw,ACRE,lunch,(718) 954-9074,"64 Meserole Ave, Brooklyn, NY 11222",$$,4.5,72,japanese
CicbZtEYbmJCGEpo8Y7Iwg,Boxed To-Go,lunch,(646) 596-8180,"15 St Marks Pl, New York, NY 10003",,4.5,25,japanese
FlZ1zdVEKWv7dwqm8Uw8-w,Raku,lunch,(212) 228-1324,"342 E 6th St, New York, NY 10003",$$,4.5,1396,japanese
qEe7nIhPfEL6L0-VYhWRrA,Raku,lunch,(212) 989-4797,"48 Macdougal St, New York, NY 10012",$$,4.5,738,japanese
sCx8tslal3pMurNyGFVjMQ,Evil Katsu,lunch,(646) 370-3435,"435 East 9th, New York, NY 10009",$$,4.5,85,japanese
9QK3vhI04Q8ylqk49C3JcQ,Rule of Thirds,lunch,(347) 334-6684,"171 Banker St, Brooklyn, NY 11222",,4.0,339,japanese
bokNBgAa9rmMMO8dkZVR1w,Rice & Miso,lunch,(929) 279-3488,"134 Nevins St, Brooklyn, NY 11217",$$,4.5,96,japanese
qVlDLz8Ri-ThAFJgYHuQ9A,Omusubi Gonbei,lunch,(917) 472-7168,"370 Lexington Ave, New York, NY 10017",$,4.5,93,japanese
uXsYr76zioJq7jjOKRwQog,Shinbashi 72,lunch,(212) 510-7799,"218 W 72nd St, New York, NY 10023",,5.0,76,japanese
ipAsHykRvgJzpx5hD8vTJw,Tokuyamatcha & Onigirazu Bar,lunch,(212) 388-1276,"627 E 6th St, New York, NY 10009",$,4.5,66,japanese
axqp3pGJXnTLgq2QrPyDyQ,Benemon,lunch,(212) 614-3006,"108 E 4th St, New York, NY 10003",$$,4.5,675,japanese
7OMGEtFWT6sdd9TVuoGqJQ,Okonomi,lunch,(929) 295-0480,"150 Ainslie St, Brooklyn, NY 11211",$$,4.5,490,japanese
PwrYnl3j3YCGzILX_5UHpw,Davelle,lunch,(646) 988-1973,"102 Suffolk St, New York, NY 10002",$$,4.0,302,japanese
r6r-XK_wL02FQdAgaauTxg,Kame,lunch,(917) 391-8587,"330 8th Ave, New York, NY 10001",$$,4.5,637,japanese
7Q68kpPS6okcC8Kkw7g42A,Sushi Lab,lunch,(212) 432-0000,"132 W 47th St, New York, NY 10036",,4.0,446,japanese
pou1-d7PENs6AD4mnt9P4g,Sushi W,lunch,(917) 318-9739,"2673 Broadway, New York, NY 10025",,4.5,111,japanese
v8y7NLCC25KY_lSbcs3UPA,Maison Kintaro,lunch,(315) 230-4533,"401 W 24th St, New York, NY 10011",,4.5,26,japanese
j_uZXp1m6INK5F_vFqSYQA,AO Organic Japanese,lunch,,"1385 Broadway, New York, NY 10018",,5.0,2,japanese
jpUSESI6aJs0nYixt87QEA,Bedford Food Hall,lunch,(347) 844-9008,"172 Bedford Ave, Brooklyn, NY 11249",$$,4.5,32,japanese
TwxP5xU_xyzlf7SVzCnpuA,Proong Noodle Bar,lunch,(212) 475-1564,"347 1st Ave, New York, NY 10010",$$,4.5,189,japanese
TBp9gdS6xEbSQqffVZ7iag,KazuNori  | The Original Hand Roll Bar,lunch,(347) 594-5940,"15 W 28th St, New York, NY 10001",$$,4.5,1264,japanese
7rxg-tWPc1jK7Cikn5R86g,Hi-Collar,lunch,(212) 777-7018,"231 E 9th St, New York, NY 10003",$$,4.0,713,japanese
22uB5xk1aXPwRi9mc6bmOQ,Ajisai on Duane,lunch,(646) 422-7828,"183 Duane St, New York, NY 10013",,5.0,18,japanese
ur679FKjXosJ1VnddICDiw,Don Wagyu,lunch,,"600 11th Ave, Gotham West Market, New York, NY 10036",,4.0,63,japanese
j-r95E-S2GUyoR2b6MTqpA,Ozakaya,lunch,(929) 456-5956,"635 Vanderbilt Ave, Brooklyn, NY 11238",,4.0,61,japanese
iGmQlzlI4g2ky8cogfDpnQ,SUGARFISH by sushi nozawa - Midtown East,lunch,(917) 985-7726,"152 E 53rd St, New York, NY 10022",,4.5,63,japanese
diiUjS6uHvbQRoiWOGKXsA,Nami Nori,lunch,(917) 909-1299,"236 N 12th St, Brooklyn, NY 11211",$$$,4.5,83,japanese
Zjdtcex73QIz2_MvEvDrFQ,MakiMaki Sushi,lunch,(212) 245-4550,"1369 6th Ave, New York, NY 10019",$$,4.0,237,japanese
MLBqYHtCwACXgmKxYTFq3g,KazuNori | The Original Hand Roll Bar,lunch,(518) 823-6387,"157 E 53rd St, Plaza Level, The Hugh, New York, NY 10022",,4.5,28,japanese
diz6_4TVSP6EdWEZCZ0Acg,Kaoru,lunch,(212) 867-0874,"306 E 46th St, New York, NY 10017",$$,4.5,461,japanese
kjItczuC-FQa-nECT9VF8A,Udon Lab,lunch,(646) 838-5338,"43 W 32nd St, New York, NY 10001",$$,4.0,294,japanese
j-a8HUcsBJXHV2IfF786jw,Kogane Ramen-Brooklyn Heights,lunch,(718) 875-2828,"76 Henry St, Brooklyn, NY 11201",$$,4.0,401,japanese
e7waIGDxL87Y2GXA-oK2Yw,Senshi Ramen,lunch,,"100 Pearl St, New York, NY 10004",,4.0,19,japanese
vHs2lZOqcyuv5uO-OOs_Sg,To Date Japanese Food,lunch,(718) 567-0888,"768 57th St, Brooklyn, NY 11220",$$,4.5,52,japanese
Pr-q47vsmM4aoc2t_Sfk8w,Momofuku Noodle Bar - Uptown,lunch,,"10 Columbus Cir, Third Floor, New York, NY 10019",$$,4.0,462,japanese
-J8VuX3wGrYSOBu2G0hMsw,Katsu-Hama,lunch,(212) 758-5909,"11 E 47th St, New York, NY 10017",$$,4.0,1497,japanese
lY_gb_hNbit6GHBiOn3VeQ,Nami Nori,lunch,(646) 998-4588,"33 Carmine St, New York, NY 10014",$$$,4.0,611,japanese
vec8jeVbbSGzVlStl0Xp_Q,Chikarashi,lunch,(646) 649-5965,"227 Canal St, New York, NY 10013",$$,4.0,509,japanese
J9UA6rzI5WW_cDGjwDnF5g,Tsurutontan Udon Noodle Brasserie,lunch,(212) 989-1000,"21 E 16th St, New York, NY 10003",$$,4.0,2189,japanese
BlzlywklvYdek5uk_NCX9g,Suzume,lunch,(718) 486-0200,"545 Lorimer St, Brooklyn, NY 11211",$$,4.0,346,japanese
c9WNksyNtogFwZ1NZhlbNw,Sushi 35 West,lunch,(646) 882-6666,"232 W35th St, 2FL, New York, NY 10001",,4.5,80,japanese
3paq_lNru7Dkdjg5q97UAw,J’s Kitchen New York,lunch,(917) 262-0434,"261 First Ave, New York, NY 10003",,5.0,17,japanese
n1xpGOPa7XRq4or7QLjzHw,DokoDemo,lunch,(917) 261-5228,"89 E 4th St, New York, NY 10003",$,4.5,368,japanese
KHRrlw05_pv_fd8ntvS1xw,SUGARFISH by Sushi Nozawa - Midtown West,lunch,(646) 630-8293,"210 W 56th St, New York, NY 10019",,4.5,196,japanese
2YkqGzOldh-gcSSFkvP44Q,MIGHTY Bowl,lunch,(212) 777-5750,"120 Macdougal St, New York, NY 10012",$$,4.0,261,japanese
KrJ6m_TkxBAPPSNH-G7rvQ,U-gu,lunch,(718) 857-0222,"541 Myrtle Ave, Ste B, Brooklyn, NY 11205",$$,4.5,172,japanese
4qtJ_u-7-73ts5UPa6NBmA,Ni Japanese Delicacies,lunch,(646) 675-4324,"88 Essex St, New York, NY 10002",$,4.5,51,japanese
uUB8pP47svQpFfEN8lc2OA,Kamasu By Kissaki,lunch,(212) 577-1153,"20 Hudson Yards, Fl 2, Hudson Yards Shopping Complex, New York, NY 10001",,4.5,38,japanese
i8ejDDR4COtukAAA1Ls5fw,Soba-ya,lunch,(212) 533-6966,"229 E 9th St, New York, NY 10003",$$,4.0,1523,japanese
lEH8EUPX3Zn_trHauIycYw,Aoi Kitchen,lunch,(646) 454-0084,"320 E 6th St, New York, NY 10003",$$,4.0,176,japanese
eS9mTLlWwu_Ap2ROMQWPxg,Chuko,lunch,(347) 425-9570,"565 Vanderbilt Ave, Brooklyn, NY 11238",$$,4.0,1100,japanese
6JWyeRFhl49-CCglEPwxIQ,Birria Mania,lunch,,"7508 3rd Ave, Brooklyn, NY 11209",,4.0,75,japanese
vQ2MwpkjcrF7uxs87oMeyw,Noona Noodles,lunch,(347) 774-6987,"11 W 32nd St, New York, NY 10001",$$,4.0,101,japanese
LKNhVc1VIt87NQL2wn9rnw,Suki,lunch,(917) 999-6672,"32 St Marks Pl, New York, NY 10003",$$,4.0,223,japanese
FLKABU82NNDnCvZSZD75Bg,Naruto Ramen,lunch,(212) 222-0229,"2634 Broadway, New York, NY 10025",$$,4.0,301,japanese
ynIx549QFj29o84y1RSGyw,Bao Bao Cafe,lunch,(917) 388-2479,"61 Lexington Ave, Unit B, New York, NY 10010",$$,4.0,502,japanese
eyqVOLoOLrqZ98_QhdPXqg,Ramen Danbo,lunch,,"52 7th Ave, Brooklyn, NY 11217",$$,4.5,418,japanese
0IlPgT9j_85PuLDs8ZqiUw,BentOn Cafe,lunch,(212) 922-9788,"156 E 45th St, New York, NY 10017",$,4.0,154,japanese
X83qWL5WPR-QWGXGQ8WP-Q,NR,lunch,(646) 226-4874,"339 E 75th St, New York, NY 10021",$$,4.5,242,japanese
JhJLPp6KuBcD3CHCkEKJ_A,Cocoron  & Goemon Curry,lunch,(212) 477-1212,"16 Delancey St, New York, NY 10002",$$,4.0,1060,japanese
dEbI8l8o9mevbRdjANzsng,Prime Meat Rokko,lunch,(347) 745-0600,"783 9th Ave, New York, NY 10019",,4.5,133,japanese
lSKEPxxTYxCN9oi6CXRmcQ,Kin Ramen,lunch,(212) 933-9292,"129 W 56th St, New York, NY 10019",$$,5.0,135,japanese
LOZ0SaAh2uAMkRD47j6bhQ,Wakuwaku,lunch,(347) 584-4577,"269 36th St, Brooklyn, NY 11232",,3.5,68,japanese
X73hpslpgeJNhVohYIUzfQ,Dashi - Brooklyn,lunch,(929) 276-3310,"119 Ingraham St, Fl 1, Brooklyn, NY 11237",$$,4.5,76,japanese
RYKGs45OjF-vlb2Ds2Jb_g,Izakaya Juraku,lunch,(212) 477-0100,"121 Ludlow St, New York, NY 10002",$$,4.5,173,japanese
l7G5tDA96xbA_bx1ZgkOeg,ICHIRAN Midtown,lunch,(212) 465-0701,"132 W 31st St, New York, NY 10001",$$,4.0,1134,japanese
B8wHwGZCddRZ_T953FApxQ,Maki Kosaka,lunch,(917) 261-5538,"55 W 19th St, New York, NY 10011",,4.5,85,japanese
44SY464xDHbvOcjDzRbKkQ,Ippudo NY,lunch,(212) 388-0088,"65 4th Ave, New York, NY 10003",$$,4.0,10407,japanese
2df-xQAswinocvoXMg1glQ,Karls Balls,lunch,(856) 506-4001,"New York, NY 10025",$,4.5,61,japanese
DNSFvZtdsqkaidmFSpm-Jw,Soba Noodle Azuma,lunch,(917) 262-0540,"251 W 55th St, New York, NY 10019",$$,4.0,369,japanese
eRtceh_W_yniAfCqJni5Bg,Go! Go! Curry!,lunch,(212) 730-5555,"273 W 38th St, New York, NY 10018",$$,4.0,1500,japanese
WlRZ4JEAVqtemQ5WQhFAFg,Maru 2,lunch,(646) 724-0508,"267 W 17th St, New York, NY 10011",$,4.5,151,japanese
kesYSgOJW5krU6L8n9qQ4Q,Ichibantei,lunch,(646) 368-9755,"401 E 13th St, New York, NY 10009",$$,4.0,266,japanese
AjlmpAQV8W4--y0EksO-9g,Simple NYC,lunch,(646) 870-8292,"109 Eldridge St, New York, NY 10002",$$,4.5,344,japanese
RjeW_l8OF99rn5df5-Rj4g,Totto Ramen - Midtown East,lunch,(212) 421-0052,"248 E 52nd St, New York, NY 10022",$$,4.0,1249,japanese
eQ4QUGvuHGBzsOrphsVc6A,Kimura,lunch,(212) 598-1188,"31 St Marks Pl, New York, NY 10003",$$,4.5,276,japanese
cyOaoc0U6Trc0FZu6l14VQ,Sarashina Horii,lunch,(917) 409-0546,"45 E 20th St, New York, NY 10003",,4.0,100,japanese
bu7k1pBrfbhGzYao3YoHsg,Nara Sushi,lunch,(646) 720-0202,"76 Pearl St, New York, NY 10004",$$,4.5,85,japanese
kvpSqh3q7r3HK3Tw-wXGEQ,Ashbox,lunch,(718) 389-3222,"1154 Manhattan Ave, Brooklyn, NY 11222",$,4.5,146,japanese
w-GSdTRGTE44AN9D2uTLWw,Momo 97,lunch,(646) 952-0138,"1396 Madison Ave, New York, NY 10029",,4.0,66,japanese
GlPJPpKvPR4d8dmcSEYpdA,Takahachi Bakery,lunch,(212) 791-5550,"25 Murray St, New York, NY 10007",$$,4.0,987,japanese
ct58a_D8Z8DoJt7luB50wQ,Ramen Ishida,lunch,(646) 590-3276,"122 Ludlow St, New York, NY 10002",$$,4.5,268,japanese
orYWYTk6kNK1YODsADk_tg,The Jin,lunch,(212) 223-3488,"856 10th Ave, New York, NY 10019",$$,4.5,449,japanese
HGLH-sa-Fp3X6UXcaG7U0g,66S Fusion,lunch,(718) 222-0050,"130 Flushing Ave, Brooklyn, NY 11205",$$,4.0,177,japanese
5v3q73ejbIGkJAiGKKSwqA,Kiku,lunch,,"766 Nostrand Ave, Brooklyn, NY 11216",,5.0,8,japanese
O1XrvIq-6IlLunLYEjOiFQ,Kushi Kushi Yaki,lunch,(212) 279-3075,"2 W 32nd St, New York, NY 10001",,4.5,100,japanese
LTfR_0NiS7OIRCfkaAJg9w,Silver Rice,lunch,(718) 398-8100,"638 Park Pl, Brooklyn, NY 11238",$$,4.5,321,japanese
alFl7eiu6Go-YxZAdp88Fw,Go! Go! Curry!,lunch,(212) 406-5555,"12 John Street, World Trade Center Stadium, New York, NY 10038",$$,4.0,395,japanese
enDIsmxSG2bQccQWgGNcbg,Takumen,lunch,(718) 361-7973,"5-50 50th Ave, Long Island City, NY 11101",$$,4.0,275,japanese
IAAMu9TfVLopuSSiqQeqhg,Mazete,lunch,(212) 367-8300,"666 6th Ave, New York, NY 10010",$$,4.5,50,japanese
itH4GH2Mw2D5n5kkQAtMog,Abiko Curry,lunch,(212) 695-0888,"2 W 32nd St, New York, NY 10001",$$,4.0,947,japanese
ZaJS8EKQNSaQpwpmgN-vVw,Samurai Mama,lunch,(718) 599-6161,"205 Grand St, Brooklyn, NY 11211",$$,4.0,641,japanese
pqqhHTz_ZpApsaWGa_zMTA,Douska,lunch,(646) 657-0908,"63 Delancey St, New York, NY 10002",,4.5,175,japanese
HEAce8qlh0OOOLNpAcX10A,MOMO CURRY,lunch,(347) 835-1789,"101 Liberty St, Level C1 South Concourse, New York, NY 10007",,4.0,12,japanese
TN4RnyqHMSupRFot4Q-_EA,Ippudo Westside,lunch,(212) 974-2500,"321 W 51st St, New York, NY 10019",$$,4.0,3914,japanese
42j0S2yFg4B6jO95I4Lfog,Bentos,lunch,(646) 684-4006,"315 Fifth Ave, New York, NY 10016",,4.5,65,japanese
tdckhAU3bJyrUOusmMKTHQ,OYAMADA,lunch,,"31 E 20th St, New York, NY 10003",,5.0,9,japanese
klAhw3xLQi9GF1tf_HnS7w,Izakaya MEW,lunch,(646) 368-9384,"53 W 35th St, New York, NY 10001",$$,4.0,2655,japanese
qm1J_dPA5IHij1oAnoZwHw,nonono,lunch,(646) 707-3227,"118 Madison Ave, New York, NY 10016",$$$,4.0,1038,japanese
5llQecdr7h5XY2tNu405pg,MIkado Sushi,lunch,(212) 255-9981,"109 W 14th St, New York, NY 10011",,5.0,3,japanese
VzstANC68PM1BbyOcDXEtw,Donburiya,lunch,(212) 980-7909,"253 W 55th St, New York, NY 10019",$$,4.0,410,japanese
m1cJLpDN4B-_0hGgPfe5OA,Salt + Charcoal,lunch,(718) 782-2087,"171 Grand St, Brooklyn, NY 11249",$$,4.0,681,japanese
Ta1tudYs2rPuxo-Hcn7_NQ,Gosuke Akimitsu,lunch,(646) 861-1741,"235 W 35th St, New York, NY 10001",,4.5,36,japanese
zJcxZQbTSAP3q4Fy-6WAyw,Shalom Japan,lunch,(718) 388-4012,"310 S 4th St, Brooklyn, NY 11211",$$$,4.0,321,japanese
oTkzgr7hzOAdlP99Auj3GQ,Momosan Ramen & Sake - New York,lunch,(646) 201-5529,"342 Lexington Ave, New York, NY 10016",$$,4.0,1769,japanese
1m1iOc8EplJ4tiCez7hf2Q,750 Myrtle Diner,lunch,(718) 758-5298,"750 Myrtle Ave, Brooklyn, NY 11205",$$,4.0,126,japanese
FFzCto6PhZYZGUZLOICbTg,Okiboru House of Tsukemen,lunch,(917) 965-2223,"117 Orchard St, New York, NY 10002",$$,4.5,34,japanese
SdESb_kSAV6b0WD813J4WQ,Red Poke,lunch,(212) 974-8100,"600 9th Ave, New York, NY 10036",$$,4.5,614,japanese
yono7ZJcU1KiqfC-xUMaIA,Japan Village,lunch,(347) 584-4579,"934 3rd Ave, Brooklyn, NY 11232",$$,3.5,276,japanese
hZDZ--W5gd7E0W8lz_feLg,ABC Eats Food Hall,lunch,(718) 392-5737,"22-22 Jackson Ave, Long Island City, NY 11101",$$,4.0,30,japanese
LHcpOjPtc8QQCrFiRFjWyA,Slow Loris,lunch,(718) 484-7170,"556 Flatbush Ave, Brooklyn, NY 11225",$$,4.5,159,japanese
nZdo3ihbeX0l9eLBFS-nWg,DOMODOMO Jersey City,lunch,(201) 267-0222,"200 Greene St, Jersey City, NJ 07302",,4.5,569,japanese
d8qCvlsG3jwxQPZc_OGogQ,Hibino,lunch,(718) 260-8052,"333 Henry St, Brooklyn, NY 11201",$$,4.0,411,japanese
0cQcKV7eCOhw7OnflOzr9w,Zhongzhong Noodles - Roosevelt Island,lunch,(646) 870-0005,"568 Main St, New York, NY 10044",$$,4.5,70,japanese
0gPXct_l_82phIEoKdtWZw,RYUJIN,lunch,(718) 709-9888,"513 Grand St, Brooklyn, NY 11211",$$,4.0,338,japanese
xFp3xSQ43J-i7nmJfNBsZA,Norikoh,lunch,(646) 230-8191,"43 W 24th St, New York, NY 10010",$$,4.0,615,japanese
uCXsqMEfD12Rlmp1H09_Nw,Omakase Sushi Dairo,lunch,(212) 529-4193,"208 3rd Ave, New York, NY 10003",,5.0,63,japanese
HC18oDJ2svQoXIddP-wuyw,Wasan Brooklyn,lunch,(718) 864-3549,"440 Bergen St, Brooklyn, NY 11217",$$,4.0,268,japanese
8y8_xwiaBtCVYA4Jjx-5AQ,Pokébāb,lunch,(718) 599-2425,"209 Bedford Ave, Brooklyn, NY 11211",$$,4.5,192,japanese
l5ljyjseOlWnvIVEXx0LxA,TomoTomo,lunch,(646) 383-4794,"152 W 52nd St, Ste 109, New York, NY 10019",,4.5,48,japanese
m1LMuSbxtps7WNGM38scWA,A-un Brooklyn,lunch,,"156 Knickerbocker Ave, New York, NY 11237",,5.0,8,japanese
fHHpSKT9u7PQBYaMW5cEkA,Trad Room,lunch,(347) 240-5760,"266 Malcolm X Blvd, Brooklyn, NY 11233",$$,4.5,106,japanese
dMU62c3NKm7AFy90sA-Xtw,Kogane Ramen-Manhattan,lunch,(212) 337-9832,"337 W 14th St, New York, NY 10014",$$,4.5,257,japanese
YjDOSFuRWNp2d1znivWyIA,Sunrise Mart,lunch,(212) 219-0033,"494 Broome St, New York, NY 10012",$$,4.0,292,japanese
diCW3Pj1PTVRSyol_d7cZw,Chef's Table at Brooklyn Fare,lunch,(212) 216-9700,"431 W 37th St, New York, NY 10018",$$$$,4.5,613,japanese
9dikwBwukRl26W6Jqo09nQ,Oramen,lunch,(646) 998-5754,"579 6th Ave, New York, NY 10011",$$,4.0,321,japanese
xrnk8mgoV7up6fauVmugpw,Jun-Men Ramen Bar,lunch,(646) 852-6787,"249 9th Ave, New York, NY 10001",$$,4.0,687,japanese
OOZgZGmiKocoYRgUOupEcA,karakatta,lunch,(917) 261-6297,"230 Thompson St, New York, NY 10012",$$,4.0,258,japanese
Ms1p17KsYteDlkvHnllC2g,Soba Totto,lunch,(212) 557-8200,"211 E 43rd St, New York, NY 10017",$$,4.0,915,japanese
N2vXumOGQ4tHngfSu-FBtw,Umai Fish,lunch,(315) 715-6369,"185 Greenwich St, LL 2465, New York, NY 10006",,4.0,10,japanese
9Kcicw-V-K5JF0PEmFhBUg,Abe Sushi,lunch,(718) 833-3888,"7910 13th Ave, Ste A, Brooklyn, NY 11228",,5.0,1,japanese
ZOpnIsm7ihoO1gq2YmGdzw,Zurutto Ramen & Gyoza Bar,lunch,(212) 498-0022,"142 W 72nd St, New York, NY 10023",$$,4.0,457,japanese
Dv28TvKBh_8i6W02uAaMKw,Samurai Papa BS,lunch,(718) 398-8181,"594 Lafayette Ave, Brooklyn, NY 11216",$$,4.0,188,japanese
1VulIvaA95_ZjBIs1O0sxQ,Brooklyn Ball Factory,lunch,(718) 387-5296,"95 Montrose Ave, Brooklyn, NY 11206",$$,4.0,153,japanese
icZcEK39HXuL2q08i4EkkQ,Bessou,lunch,(212) 228-8502,"5 Bleecker St, New York, NY 10012",$$,4.0,356,japanese
hvrQQ0YWqgw0__OnofqXag,Kuu Ramen,lunch,(212) 571-7177,"20 John St, New York, NY 10038",$$,4.0,767,japanese
FxswnvW4Fat6dFYcQNaE7Q,Hall,lunch,,"17 W 20th St, New York, NY 10011",,4.5,63,japanese
xrZWbxETIF8qj6h4uvhJrQ,J-Spec,lunch,(212) 287-0107,"239 E 5th St, New York, NY 10003",,4.0,125,japanese
EvAJBgBdgOt1jx1EufRN7w,Jin Ramen Upper West Side,lunch,(646) 657-0755,"462 Amsterdam Ave, New York, NY 10024",$$,4.0,1036,japanese
L3reOLLPez7lnOhyfCpvkg,Shinka Ramen & Sake Bar,lunch,(212) 343-8111,"93 Bowery St, New York, NY 10002",$$,4.5,410,japanese
sjfnxLIhtks7lBikxktpNg,Otani Sushi,lunch,(347) 578-7031,"7113 Fort Hamilton Pkwy, Brooklyn, NY 11228",,4.0,4,japanese
OFfZUS-nu6NDnsWe1B2bUQ,Tonchin,lunch,(646) 692-9912,"13 W 36th St, New York, NY 10018",$$,4.5,1692,japanese
0j4yPmK9rOS52-mgKoq0Eg,Maison Yaki,lunch,,"626 Vanderbilt Ave, Brooklyn, NY 11238",$$$,3.5,134,japanese
icpLRhJ1jpBX1zBGkt7Xqg,Teppen Ramen,lunch,(212) 355-2974,"159 E 55th St, New York, NY 10022",$$,4.5,534,japanese
i8h1ghJN7NdZmvIE3T6-yg,Kyuramen - Long Island City,lunch,(718) 786-6918,"27-17 42nd Rd, Long Island City, NY 11101",$$,4.5,74,japanese
VR7vl4qSerSyEMpHc0Bp9w,Go! Go! Curry!,lunch,(212) 505-2555,"231 Thompson St, New York, NY 10012",$$,4.0,255,japanese
GXNIS_0MaWoVHmABQfQvKw,Zutto Ramen Sushi Bar,lunch,(212) 207-0099,"384 Broome St, New York, NY 10013",,4.5,43,japanese
wm9vD7JetCskxM7RV2CTbA,Poke N Roll,lunch,(212) 420-7653,"441 E 9th St, New York, NY 10009",$$,4.0,69,japanese
oTL_nPII6x0HfPVpEQklUg,PLANTA Queen - Nomad,lunch,(917) 675-7700,"15 W 27th St, New York, NY 10001",$$,4.5,434,japanese
QaEqD7q2GtmlovBOPC6yIQ,Murasaki,lunch,(718) 482-7088,"46-44 Vernon Blvd, Long Island City, NY 11101",$$,4.5,255,japanese
G4qZvheX74VwYvek7I8iQg,Buntopia,lunch,(347) 435-3660,"994 Broadway, Brooklyn, NY 11221",$$,4.5,360,japanese
ckuFutONOBo_rrscCkLUBw,Susuru Ramen,lunch,(718) 806-1521,"33-19 36th Ave, Astoria, NY 11106",$$,5.0,121,japanese
O7b3WKYglyu_3lYxN7GXRQ,Fukurou Brooklyn,lunch,,"105 Wilson Ave, New York, NY 11237",,4.5,13,japanese
JRmQRFEEnSUdAcesHun9AQ,ICHIRAN - Brooklyn,lunch,(718) 381-0491,"374 Johnson Ave, Brooklyn, NY 11206",$$,4.0,1278,japanese
dOxHYQmBR14Fa2C1X8oMMQ,Sushi Lab,lunch,(212) 432-0000,"132 W 47th St, New York, NY 10036",$$$$,4.5,448,japanese
vmoRGfd2xIAN-Ty0kiK_lA,Ito,lunch,,"75 Barclay St, New York, NY 10007",,4.5,18,japanese
P_RNungaIf6FZdzEWkoQ0g,Sakura of Japan,lunch,(212) 775-8540,"29 John St, New York, NY 10038",$,3.5,162,japanese
wjIyCBEpCG_HRp8veiI0YQ,Ootoya Times Square,lunch,(212) 704-0833,"141 W 41st St, New York, NY 10036",$$,4.0,1045,japanese
c6R_hvUwsqXX2MUXWtO94Q,Nakamura,lunch,(212) 614-1810,"172 Delancey St, New York, NY 10002",$$,4.0,399,japanese
4LVINhq3y4hCrxtShrNkYQ,Momo Ramen,lunch,(718) 622-4813,"78 5th Ave, Park Slope, NY 11217",$$,4.0,346,japanese
ULDVJYTT-47RqbLtlR_FUA,Ootoya Union Square,lunch,(212) 473-4300,"41 E 11th St, New York, NY 10003",$$,4.0,380,japanese
AudBWxeAr3zHr1ITrTcVpg,Izakaya Fuku,lunch,(718) 255-1120,"71-28 Roosevelt Ave, Jackson Heights, NY 11372",$$,4.5,201,japanese
CJaOSBUYSQAJy7p0QVkkrA,Menya & Izakaya,lunch,(347) 335-0629,"369 5th Ave, Brooklyn, NY 11215",$$,4.5,46,japanese
7zabQq0iS0xahClnSI3W8w,YOI Ramen & Tea,lunch,(917) 388-2808,"573 2nd Ave, New York, NY 10016",,4.5,13,japanese
LHzu-L1UoWnTrBdiGLMaPQ,Muteki Ramen,lunch,(201) 520-9521,"100 York St, Jersey City, NJ 07302",,4.5,29,japanese
ZqWktQxoknREjSm_k5KH3Q,Yuzu Kitchen,lunch,(646) 885-2966,"37 W 43rd St, New York, NY 10036",,4.0,25,japanese
mESab-FqL5QqSVsnX72asQ,Zen Ramen & Sushi,lunch,(646) 870-7509,"150 W 36th street, New York, NY 10018",$$,4.5,2369,japanese
C5tqSSgVPfgtsJn3QnvDiQ,Hibino,lunch,(718) 392-5190,"10-70 Jackson Ave, Long Island City, NY 11101",$$,4.0,260,japanese
oMDKIzPJWkh99UuUP_4ikg,MI-NE Deli,lunch,(917) 675-6942,"496 6th Ave, New York, NY 10011",,4.5,10,japanese
in1CBl2LwIFkLzAr55jyLQ,Suram,lunch,(212) 557-1000,"21 W End Ave, New York, NY 10023",,5.0,38,japanese
U7gqQHSRFNYCad3qGLj3yQ,Umami Sushi,lunch,(646) 756-4278,"50 Greenwich Ave, New York, NY 10011",$$,4.5,203,japanese
pNe8ZCkGTe4cXfKdOF7kYQ,Ise Restaurant,lunch,(212) 228-4152,"63 Cooper Sq, New York, NY 10003",$$,4.5,589,japanese
YC-wGlO0oOkEIaCEDZv-ag,Yakitori Totto,lunch,(212) 245-4555,"251 W 55th St, Fl 2, New York, NY 10019",$$,4.0,1403,japanese
abNHO9-xlCsv31gghCUuxw,Zutto Japanese American Pub,lunch,(212) 233-3287,"77 Hudson St, New York, NY 10013",$$,4.0,969,japanese
GBk_i2qnjMtQIt_ntJpzbw,Ramen Andante,lunch,(929) 397-0010,"130 Grand St, Brooklyn, NY 11249",$$,4.0,81,japanese
91tQ4ToReVVCA5MTJi9gfw,Iron Chef House,lunch,(718) 858-8517,"92 Clark St, Brooklyn, NY 11201",$$,4.0,451,japanese
cLxp5gIPWIhmvpmdPo7BsA,969 NYC Coffee,lunch,(646) 203-7304,"37-61 80th St, Jackson Heights, NY 11372",$,4.5,346,japanese
xYDays-olVw50rdusxW5Rw,Wanpaku,lunch,(718) 383-3139,"621 Manhattan Ave, Brooklyn, NY 11222",$$,4.0,136,japanese
a7rM-AOM7_xi8AlWX-Thkg,Oita NYC,lunch,(718) 971-9879,"833 Union St, Brooklyn, NY 11215",$$,4.5,329,japanese
aTzxrI2o3vH_HQkqeFszzg,Juban,lunch,(646) 398-9770,"207 10th Ave, New York, NY 10011",$$,4.0,224,japanese
ulyoll6G7GmmWXzBPSD4mw,Kuu,lunch,(646) 838-5828,"1275 1st Ave, New York, NY 10065",$$,4.0,59,japanese
9bAyxRD6RsGEUQw424ovQA,Nishida Sho-ten,lunch,(212) 308-0791,"302 E 49th St, New York, NY 10017",$$,4.0,847,japanese
DdoubmNfPNRi9xNmcQ64ug,Tsurutontan Udon Noodle Brasserie - Midtown,lunch,(212) 575-2282,"64 W 48th St, New York, NY 10036",$$,3.5,634,japanese
e3JALGueMcc2eLXRK8HPNQ,Ki Sushi,lunch,(718) 230-1381,"282 Flatbush Ave, Brooklyn, NY 11217",$$,4.5,236,japanese
_IkMfWpOkQXRZtJAYJUJIw,Hama Japanese Cuisine,lunch,(212) 757-7103,"11 W 51st St, New York, NY 10019",$$,4.0,404,japanese
cOXYWZ_GTX-_ue_kveguRg,SSAM,lunch,(917) 909-1248,"170 Smith St, Brooklyn, NY 11201",$$,3.5,466,japanese
KF9qPyGdflpc1if-NObz2w,Choo Choo Train,lunch,(201) 482-8888,"374 Broad Ave, Leonia, NJ 07605",,4.5,54,japanese
BPZfuPvSxCfoppU4lPFm0Q,DOMODOMO - New York,lunch,(646) 707-0301,"140 W Houston St, New York, NY 10012",$$$,4.0,1461,japanese
mm8gYHxaLLRyv3CslY40TA,Suzuki Shokudo,lunch,(718) 472-3778,"38-01 31st St, Long Island City, NY 11101",$$,4.5,185,japanese
g9IFea9brBr8j8awcdOBOw,Chopped Parsley,lunch,(917) 603-3181,"500 W 146th St, New York, NY 10031",$$,4.5,131,japanese
-86K6KX3HlUwkWTWRO3VAQ,KYURAMEN,lunch,(917) 285-2332,"133-42 37th Ave, Flushing, NY 11354",$$,4.0,1110,japanese
D1V7ZadUtUPuYYlpDA1BOQ,Sakura Of Japan,lunch,(212) 398-4646,"570 8th Ave, New York, NY 10018",$,4.0,37,japanese
0Lnp_fi3gI2bfJ8RcMDfjg,Gen,lunch,(718) 398-3550,"659 Washington Ave, Brooklyn, NY 11238",$$,4.0,295,japanese
wxaHK5BNaWBGqkGUbMFizA,MOMO Test Kitchen,lunch,(716) 508-2303,"80 58th St, Brooklyn, NY 11220",,5.0,3,japanese
lwPVHZJBjQbhR7gQ2rhpNw,Go! Go! Curry!,lunch,(646) 678-5259,"235 East 53rd St, New York, NY 10022",$$,4.0,131,japanese
LXhxAiLtNsFz1Edt8fFh3A,P.F. Chang's To Go,lunch,(646) 921-7328,"62 Fulton St, New York, NY 10038",$$,4.0,38,japanese
wpT1QU7PSQgQQ1DkzI00JA,Izakaya Toribar,lunch,(646) 767-0029,"164 E 56th St, New York, NY 10022",$$,4.0,140,japanese
gDcpB3AnhXv9-NUf_3chEA,Daikanyama,lunch,(212) 837-1853,"1000 3rd Ave, New York, NY 10022",,4.0,25,japanese
O73yeXgNF7ReLuY6EsOa1w,Sushi & Co,lunch,(646) 799-9911,"67 Nassau St, New York, NY 10038",$$,4.5,121,japanese
SbXJlImRDoMeepmq_f96cw,Go! Go! Curry!,lunch,(212) 255-4555,"144 W 19th St, New York, NY 10011",$$,3.5,121,japanese
HZWHBfeuP4Fb6y8b8uqnbA,Sushi Yasaka,lunch,(212) 496-8460,"251 W 72nd St, New York, NY 10023",$$,4.0,1937,japanese
8fr5FYU1ip0phERt1mrekg,Bohemian Restaurant,lunch,,"57 Great Jones St, New York, NY 10012",$$$,4.5,808,japanese
8NVN6Nldm7AGoGaABBZMRw,Izakaya NoMad,lunch,(212) 213-6258,"13 W 26th St, New York, NY 10010",$$,4.0,718,japanese
IYwz7ck1OZCoZqW0F31pLg,MISC,lunch,(347) 663-4021,"758 Franklin Ave, Brooklyn, NY 11238",$$,4.0,196,japanese
6t5xWjPLWAjJV3YFMX_oaw,Hirohisa,lunch,(212) 925-1613,"73 Thompson St, New York, NY 10012",$$$$,4.5,188,japanese
QbAfrOxbuYKU248SDXHZEQ,R,lunch,,"Midtown W, New York, NY 10019",$$,4.0,5473,japanese
Edkx9frqYknN9ykTEqTVXg,Miso Restaurant,lunch,(718) 858-8388,"40 Main St, Brooklyn, NY 11201",$$,3.0,123,japanese
raelHbSJ_gTo701c-KyXWg,Minca,lunch,(212) 505-8001,"536 E 5th St, New York, NY 10009",$$,4.0,1710,japanese
7MzisfVMYsZYTFJv9Unpzw,Mr. Taka Ramen,lunch,(212) 254-1508,"170 Allen St, New York, NY 10002",$$,4.0,596,japanese
fv6gZQw8jUYUzGx_fYdI-g,MakiMaki Sushi,lunch,(212) 557-5733,"360 Lexington Ave, New York, NY 10017",$$,4.0,54,japanese
6S3dRxa8n9L-OzZ-5h-q4Q,Oki Poké & Ramen,lunch,(212) 922-1900,"135 E 45th St, New York, NY 10017",$$,4.0,117,japanese
o5EIqc4LekAoeLHiYjzLqQ,Bar Goto,lunch,(212) 475-4411,"245 Eldridge St, New York, NY 10002",$$,4.5,254,japanese
Pfjb9Rn5Th7R-pLXVARwlA,Jin Ramen - West Harlem,lunch,(646) 559-2862,"3183 Broadway, New York, NY 10027",$$,4.0,1142,japanese
dL6_XUUr_INX10IOMtSM0w,Oishi Bay,lunch,(212) 683-2283,"230 E 29th St, New York, NY 10016",$$,4.0,209,japanese
hdiTkEnD14VpXNl-APTg2g,Nana Ramen,lunch,(929) 210-0589,"330 Malcolm X Blvd, Brooklyn, NY 11233",$$,4.0,192,japanese
lN5tiN-4eBNeh8F0zcI6Hw,Fuyu Ramen,lunch,(718) 786-2200,"4617 Queens Blvd, Sunnyside, NY 11104",$$,4.5,187,japanese
NRJq2BNcbjqAyxUB_bw7gw,Momoya,lunch,(212) 989-4466,"185 7th Ave, New York, NY 10011",$$,4.0,782,japanese
v3qQvMjj4KSZ4dPU4ERyiw,Ramen Spot,lunch,(718) 809-2527,"760 Manhattan Ave, Brooklyn, NY 11222",$$,4.5,127,japanese
Mk8Z_9h_NtVJhff1pwK1Gg,Itto Sushi,lunch,(732) 997-4200,"239 Barrow St, Jersey City, NJ 07302",$$,4.5,51,japanese
UQuV1hiPRPqPT2qBcLrQqA,Flipper’s,lunch,(917) 265-8292,"337 W Broadway, New York, NY 10013",$$,3.5,714,japanese
qNmHq3ST2bBinAN-TatwSg,Mirakuya - Brooklyn,lunch,(718) 576-3279,"727 Flushing Ave, Brooklyn, NY 11206",$,4.0,69,japanese
SoBdWOxymmY5yKANn63UWw,Ozu,lunch,(718) 797-3288,"78 Clark St, Brooklyn, NY 11201",$$,4.0,280,japanese
qd9_gxrmskbOT6OLN9sShA,Dock Asian Eatery,lunch,(718) 821-3900,"22 Wyckoff Ave, Brooklyn, NY 11237",$$,4.0,196,japanese
ujozQCThEuSfEXi5_6ZTPQ,Ramen Setagaya,lunch,(718) 218-8508,"280 Bedford Ave, Brooklyn, NY 11249",$$,4.0,302,japanese
5EaTaKHxXtD5bTCVnbi2Xw,Za-Ya Ramen,lunch,(347) 987-4103,"545 Court St, Brooklyn, NY 11231",$$,4.5,181,japanese
vZ1HaqE22RlZPBtjJwbwJw,MIRAK Taste of Joy,lunch,(201) 347-6999,"783 Palisade Ave, Cliffside Park, NJ 07010",,5.0,3,japanese
S50kqM_e1NJx2dF5XY2Ejg,Uncle Fattys,lunch,(201) 699-0963,"692 Anderson Ave, Cliffside Park, NJ 07010",,5.0,12,japanese
hUf1EpnxbxFU4gf2nL7H-Q,Raku It's Japanese,lunch,(212) 355-3272,"212 East 52nd St, New York, NY 10022",$$,4.5,165,japanese
HFn1sPqKSzvxaMk2n2ZtJw,Kotobuki Manhattan,lunch,(212) 353-5088,"56 3rd Ave, New York, NY 10003",$$,4.0,700,japanese
qf3H--hFVPt5GPpHpMoX6Q,Finest Sushi,lunch,(347) 531-0257,"41-02 Greenpoint Ave, Sunnyside, NY 11104",,4.0,19,japanese
VaL9GaBR_GR-q9d1VzJF3g,SUteiShi,lunch,(212) 766-2344,"24 Peck Slip, New York, NY 10038",$$$,4.0,590,japanese
OLSSJIp8pu5UlugTF7tuHA,Ootoya Chelsea,lunch,(212) 255-0018,"8 W 18th St, New York, NY 10011",$$,4.0,1490,japanese
Jcp-SJpnkhj_MD8-aDIHaQ,Ippudo 5th Avenue,lunch,(212) 354-1111,"24 W 46th St, New York, NY 10036",$$,3.5,420,japanese
cL8TLMCbs2B-vgy3SFtPGg,Geido,lunch,(718) 638-8866,"331 Flatbush Ave, Brooklyn, NY 11217",$$,4.5,355,japanese
wcwftlB-61XG4ymGTR61aw,SakaMai,lunch,(646) 590-0684,"157 Ludlow St, New York, NY 10002",$$$,4.0,753,japanese
ZrzSDDj54aUlPqn4MQMKeQ,Momo Sushi Shack,lunch,(718) 418-6666,"43 Bogart St, Brooklyn, NY 11206",$$,4.0,664,japanese
3eBV6HwWcdHzJW3sUH-2hw,ICHIRAN - Times Square,lunch,(646) 964-4294,"152 W 49th St, New York, NY 10019",$$,4.5,666,japanese
0eLtFI6MeEYM2rlMtcjRaQ,IZAKAYA E.A.K. Hell's Kitchen,lunch,(646) 850-8032,"360 W 46th St, New York, NY 10036",$$,4.0,214,japanese
TINmdFoqN8zm1MUpgRt7Jw,Gugu Room,lunch,(646) 329-6875,"143 Orchard St, New York, NY 10002",,4.0,58,japanese
rRqpAHvS-C5VKa3m-BfPYQ,Shokudo,lunch,(551) 203-2936,"61 14th St, Hoboken, NJ 07030",$$,4.0,112,japanese
5QgBCrAbXbM1ORiqZDrBPQ,Cha-An,lunch,(212) 228-8030,"230 E 9th St, Fl 2, New York, NY 10003",$$,4.0,1892,japanese
UTLEGU4mLmB26DiX99Ggxw,Tamashii Blue,lunch,(718) 472-2142,"47-36 Vernon Blvd, Long Island City, NY 11101",$$,4.0,294,japanese
2txI-FAVf7q0SHNPcnjm7Q,Longevousjoy,lunch,(347) 374-2645,"6610 Bay Pkwy, Brooklyn, NY 11204",$$,3.5,334,japanese
Mzt7J53rOihwxIt41SH7vg,E.A.K. RAMEN West Village,lunch,(646) 863-2027,"469 6th Ave, New York, NY 10011",$$,4.0,358,japanese
Zq1eGIz-7lw0001wX0CldA,Ramen Danbo,lunch,,"48 Carmine St, New York, NY 10014",,4.5,49,japanese
u5V6wQQv3e4BmbyzUDYLNQ,Takesushi,lunch,(718) 729-8253,"43-46 42nd St, Sunnyside, NY 11104",$$,4.0,391,japanese
AFt1Qcec4_JNr6PWpkRYyw,Sushi Lin,lunch,(347) 627-6027,"335 Flatbush Ave, Brooklyn, NY 11217",$$$,4.5,314,japanese
22CRLIEfJWIO-8RjEiecAg,Akino,lunch,(718) 779-8280,"82-80 Broadway, Elmhurst, NY 11373",$$$,4.5,1043,japanese
qEe7nIhPfEL6L0-VYhWRrA,Raku,dinner,(212) 989-4797,"48 Macdougal St, New York, NY 10012",$$,4.5,738,japanese
axqp3pGJXnTLgq2QrPyDyQ,Benemon,dinner,(212) 614-3006,"108 E 4th St, New York, NY 10003",$$,4.5,675,japanese
m1cJLpDN4B-_0hGgPfe5OA,Salt + Charcoal,dinner,(718) 782-2087,"171 Grand St, Brooklyn, NY 11249",$$,4.0,681,japanese
r6r-XK_wL02FQdAgaauTxg,Kame,dinner,(917) 391-8587,"330 8th Ave, New York, NY 10001",$$,4.5,637,japanese
FlZ1zdVEKWv7dwqm8Uw8-w,Raku,dinner,(212) 228-1324,"342 E 6th St, New York, NY 10003",$$,4.5,1396,japanese
7Q68kpPS6okcC8Kkw7g42A,Sushi Lab,dinner,(212) 432-0000,"132 W 47th St, New York, NY 10036",,4.0,446,japanese
5ZgCfc1_fotAKUp7n3YJkQ,Towa,dinner,(646) 351-6258,"36 W 26th St, New York, NY 10010",,4.5,37,japanese
BaeUVrAj5f3YF1razW5bow,11 Tigers,dinner,(929) 235-6826,"225 Avenue B, Fl 2, New York, NY 10009",,4.5,39,japanese
j-r95E-S2GUyoR2b6MTqpA,Ozakaya,dinner,(929) 456-5956,"635 Vanderbilt Ave, Brooklyn, NY 11238",,4.0,61,japanese
9QK3vhI04Q8ylqk49C3JcQ,Rule of Thirds,dinner,(347) 334-6684,"171 Banker St, Brooklyn, NY 11222",,4.0,339,japanese
diiUjS6uHvbQRoiWOGKXsA,Nami Nori,dinner,(917) 909-1299,"236 N 12th St, Brooklyn, NY 11211",$$$,4.5,83,japanese
lT-yNq6BW2vonJ9Ik-T5vg,Tonchin,dinner,(347) 457-5528,"109 N 3rd St, Brooklyn, NY 11249",,4.5,20,japanese
qm1J_dPA5IHij1oAnoZwHw,nonono,dinner,(646) 707-3227,"118 Madison Ave, New York, NY 10016",$$$,4.0,1038,japanese
eQ4QUGvuHGBzsOrphsVc6A,Kimura,dinner,(212) 598-1188,"31 St Marks Pl, New York, NY 10003",$$,4.5,276,japanese
RYKGs45OjF-vlb2Ds2Jb_g,Izakaya Juraku,dinner,(212) 477-0100,"121 Ludlow St, New York, NY 10002",$$,4.5,173,japanese
_F29-1dkiBmDPSaKQ9_O0Q,Hakata Tonton,dinner,(917) 261-6536,"35 W 35th St, New York, NY 10001",,4.5,26,japanese
22uB5xk1aXPwRi9mc6bmOQ,Ajisai on Duane,dinner,(646) 422-7828,"183 Duane St, New York, NY 10013",,5.0,18,japanese
X83qWL5WPR-QWGXGQ8WP-Q,NR,dinner,(646) 226-4874,"339 E 75th St, New York, NY 10021",$$,4.5,242,japanese
u85kBa9tEF6-PU2zHDzrCw,Nite Nite,dinner,(347) 689-3600,"128 Meserole St, Brooklyn, NY 11206",,4.5,24,japanese
Pe4cQ65ZJ9qS8JQZVkJz4g,shabushabu Mayumon,dinner,(646) 476-7717,"115 Division St, New York, NY 10002",,4.5,72,japanese
KrJ6m_TkxBAPPSNH-G7rvQ,U-gu,dinner,(718) 857-0222,"541 Myrtle Ave, Ste B, Brooklyn, NY 11205",$$,4.5,172,japanese
lSKEPxxTYxCN9oi6CXRmcQ,Kin Ramen,dinner,(212) 933-9292,"129 W 56th St, New York, NY 10019",$$,5.0,135,japanese
Zcc5Gbnd8nwtE_-uei4Swg,Mika,dinner,,"25 Thames St, Brooklyn, NY 11206",,4.0,38,japanese
TINmdFoqN8zm1MUpgRt7Jw,Gugu Room,dinner,(646) 329-6875,"143 Orchard St, New York, NY 10002",,4.0,58,japanese
j-a8HUcsBJXHV2IfF786jw,Kogane Ramen-Brooklyn Heights,dinner,(718) 875-2828,"76 Henry St, Brooklyn, NY 11201",$$,4.0,401,japanese
Lz_9RXFKmOaSA4IpgV6NlA,Karazishi Botan,dinner,(347) 763-1155,"255 Smith St, Brooklyn, NY 11231",$$,4.5,84,japanese
diz6_4TVSP6EdWEZCZ0Acg,Kaoru,dinner,(212) 867-0874,"306 E 46th St, New York, NY 10017",$$,4.5,461,japanese
ur679FKjXosJ1VnddICDiw,Don Wagyu,dinner,,"600 11th Ave, Gotham West Market, New York, NY 10036",,4.0,63,japanese
iGmQlzlI4g2ky8cogfDpnQ,SUGARFISH by sushi nozawa - Midtown East,dinner,(917) 985-7726,"152 E 53rd St, New York, NY 10022",,4.5,63,japanese
KHRrlw05_pv_fd8ntvS1xw,SUGARFISH by Sushi Nozawa - Midtown West,dinner,(646) 630-8293,"210 W 56th St, New York, NY 10019",,4.5,196,japanese
n1xpGOPa7XRq4or7QLjzHw,DokoDemo,dinner,(917) 261-5228,"89 E 4th St, New York, NY 10003",$,4.5,368,japanese
bokNBgAa9rmMMO8dkZVR1w,Rice & Miso,dinner,(929) 279-3488,"134 Nevins St, Brooklyn, NY 11217",$$,4.5,96,japanese
OFfZUS-nu6NDnsWe1B2bUQ,Tonchin,dinner,(646) 692-9912,"13 W 36th St, New York, NY 10018",$$,4.5,1692,japanese
Pr-q47vsmM4aoc2t_Sfk8w,Momofuku Noodle Bar - Uptown,dinner,,"10 Columbus Cir, Third Floor, New York, NY 10019",$$,4.0,462,japanese
klAhw3xLQi9GF1tf_HnS7w,Izakaya MEW,dinner,(646) 368-9384,"53 W 35th St, New York, NY 10001",$$,4.0,2655,japanese
J9UA6rzI5WW_cDGjwDnF5g,Tsurutontan Udon Noodle Brasserie,dinner,(212) 989-1000,"21 E 16th St, New York, NY 10003",$$,4.0,2189,japanese
orYWYTk6kNK1YODsADk_tg,The Jin,dinner,(212) 223-3488,"856 10th Ave, New York, NY 10019",$$,4.5,449,japanese
m1LMuSbxtps7WNGM38scWA,A-un Brooklyn,dinner,,"156 Knickerbocker Ave, New York, NY 11237",,5.0,8,japanese
7OMGEtFWT6sdd9TVuoGqJQ,Okonomi,dinner,(929) 295-0480,"150 Ainslie St, Brooklyn, NY 11211",$$,4.5,490,japanese
xFp3xSQ43J-i7nmJfNBsZA,Norikoh,dinner,(646) 230-8191,"43 W 24th St, New York, NY 10010",$$,4.0,615,japanese
eS9mTLlWwu_Ap2ROMQWPxg,Chuko,dinner,(347) 425-9570,"565 Vanderbilt Ave, Brooklyn, NY 11238",$$,4.0,1100,japanese
LOZ0SaAh2uAMkRD47j6bhQ,Wakuwaku,dinner,(347) 584-4577,"269 36th St, Brooklyn, NY 11232",,3.5,68,japanese
pqqhHTz_ZpApsaWGa_zMTA,Douska,dinner,(646) 657-0908,"63 Delancey St, New York, NY 10002",,4.5,175,japanese
FFzCto6PhZYZGUZLOICbTg,Okiboru House of Tsukemen,dinner,(917) 965-2223,"117 Orchard St, New York, NY 10002",$$,4.5,34,japanese
TN4RnyqHMSupRFot4Q-_EA,Ippudo Westside,dinner,(212) 974-2500,"321 W 51st St, New York, NY 10019",$$,4.0,3914,japanese
TBp9gdS6xEbSQqffVZ7iag,KazuNori  | The Original Hand Roll Bar,dinner,(347) 594-5940,"15 W 28th St, New York, NY 10001",$$,4.5,1264,japanese
TwxP5xU_xyzlf7SVzCnpuA,Proong Noodle Bar,dinner,(212) 475-1564,"347 1st Ave, New York, NY 10010",$$,4.5,189,japanese
VdAVjghEq_Zl-DDte0mjrw,ACRE,dinner,(718) 954-9074,"64 Meserole Ave, Brooklyn, NY 11222",$$,4.5,72,japanese
l_RAv09V67j-Hm9dyZxWhw,Tomi Jazz,dinner,(646) 497-1254,"239 E 53rd St, New York, NY 10022",$$,4.5,653,japanese
ynIx549QFj29o84y1RSGyw,Bao Bao Cafe,dinner,(917) 388-2479,"61 Lexington Ave, Unit B, New York, NY 10010",$$,4.0,502,japanese
wpT1QU7PSQgQQ1DkzI00JA,Izakaya Toribar,dinner,(646) 767-0029,"164 E 56th St, New York, NY 10022",$$,4.0,140,japanese
LLHY7JMG16gYuJzDYRskRQ,Icca,dinner,(646) 649-3415,"20 Warren St, New York, NY 10007",,4.5,8,japanese
4TQMO6AaKSXHMbKvGAf-gg,Llama San,dinner,(646) 490-4422,"359 6th Ave, New York, NY 10014",$$$$,4.0,258,japanese
CJaOSBUYSQAJy7p0QVkkrA,Menya & Izakaya,dinner,(347) 335-0629,"369 5th Ave, Brooklyn, NY 11215",$$,4.5,46,japanese
fHHpSKT9u7PQBYaMW5cEkA,Trad Room,dinner,(347) 240-5760,"266 Malcolm X Blvd, Brooklyn, NY 11233",$$,4.5,106,japanese
MLBqYHtCwACXgmKxYTFq3g,KazuNori | The Original Hand Roll Bar,dinner,(518) 823-6387,"157 E 53rd St, Plaza Level, The Hugh, New York, NY 10022",,4.5,28,japanese
kjItczuC-FQa-nECT9VF8A,Udon Lab,dinner,(646) 838-5338,"43 W 32nd St, New York, NY 10001",$$,4.0,294,japanese
3eBV6HwWcdHzJW3sUH-2hw,ICHIRAN - Times Square,dinner,(646) 964-4294,"152 W 49th St, New York, NY 10019",$$,4.5,666,japanese
mESab-FqL5QqSVsnX72asQ,Zen Ramen & Sushi,dinner,(646) 870-7509,"150 W 36th street, New York, NY 10018",$$,4.5,2369,japanese
B8wHwGZCddRZ_T953FApxQ,Maki Kosaka,dinner,(917) 261-5538,"55 W 19th St, New York, NY 10011",,4.5,85,japanese
Dv28TvKBh_8i6W02uAaMKw,Samurai Papa BS,dinner,(718) 398-8181,"594 Lafayette Ave, Brooklyn, NY 11216",$$,4.0,188,japanese
X73hpslpgeJNhVohYIUzfQ,Dashi - Brooklyn,dinner,(929) 276-3310,"119 Ingraham St, Fl 1, Brooklyn, NY 11237",$$,4.5,76,japanese
JhJLPp6KuBcD3CHCkEKJ_A,Cocoron  & Goemon Curry,dinner,(212) 477-1212,"16 Delancey St, New York, NY 10002",$$,4.0,1060,japanese
dEbI8l8o9mevbRdjANzsng,Prime Meat Rokko,dinner,(347) 745-0600,"783 9th Ave, New York, NY 10019",,4.5,133,japanese
bu7k1pBrfbhGzYao3YoHsg,Nara Sushi,dinner,(646) 720-0202,"76 Pearl St, New York, NY 10004",$$,4.5,85,japanese
lEH8EUPX3Zn_trHauIycYw,Aoi Kitchen,dinner,(646) 454-0084,"320 E 6th St, New York, NY 10003",$$,4.0,176,japanese
BPZfuPvSxCfoppU4lPFm0Q,DOMODOMO - New York,dinner,(646) 707-0301,"140 W Houston St, New York, NY 10012",$$$,4.0,1461,japanese
RjeW_l8OF99rn5df5-Rj4g,Totto Ramen - Midtown East,dinner,(212) 421-0052,"248 E 52nd St, New York, NY 10022",$$,4.0,1249,japanese
f48yzy50jQDH7X5xFAluOw,Tsukimi,dinner,,"228 East 10th St, New York, NY 10003",$$$$,5.0,47,japanese
eyqVOLoOLrqZ98_QhdPXqg,Ramen Danbo,dinner,,"52 7th Ave, Brooklyn, NY 11217",$$,4.5,418,japanese
i8ejDDR4COtukAAA1Ls5fw,Soba-ya,dinner,(212) 533-6966,"229 E 9th St, New York, NY 10003",$$,4.0,1523,japanese
YC-wGlO0oOkEIaCEDZv-ag,Yakitori Totto,dinner,(212) 245-4555,"251 W 55th St, Fl 2, New York, NY 10019",$$,4.0,1403,japanese
vmoRGfd2xIAN-Ty0kiK_lA,Ito,dinner,,"75 Barclay St, New York, NY 10007",,4.5,18,japanese
oTkzgr7hzOAdlP99Auj3GQ,Momosan Ramen & Sake - New York,dinner,(646) 201-5529,"342 Lexington Ave, New York, NY 10016",$$,4.0,1769,japanese
v8y7NLCC25KY_lSbcs3UPA,Maison Kintaro,dinner,(315) 230-4533,"401 W 24th St, New York, NY 10011",,4.5,26,japanese
eRtceh_W_yniAfCqJni5Bg,Go! Go! Curry!,dinner,(212) 730-5555,"273 W 38th St, New York, NY 10018",$$,4.0,1500,japanese
NCnOkzbyfzDltnBnJySfzw,Amami Bar and Restaurant,dinner,(917) 909-1568,"57 Nassau Ave, Brooklyn, NY 11222",$$,4.5,212,japanese
3QIFBLKp2Z9zA-PXlUEQlg,Okatte Tanto NY,dinner,,"249 E 49th St, New York, NY 10017",,4.5,5,japanese
-fRgp3gv0-R6y9YOJX8ZVA,Warude,dinner,(718) 684-4449,"385 Tompkins Ave, Brooklyn, NY 11216",$$,4.0,136,japanese
hvrQQ0YWqgw0__OnofqXag,Kuu Ramen,dinner,(212) 571-7177,"20 John St, New York, NY 10038",$$,4.0,767,japanese
8fr5FYU1ip0phERt1mrekg,Bohemian Restaurant,dinner,,"57 Great Jones St, New York, NY 10012",$$$,4.5,808,japanese
ULDVJYTT-47RqbLtlR_FUA,Ootoya Union Square,dinner,(212) 473-4300,"41 E 11th St, New York, NY 10003",$$,4.0,380,japanese
HC18oDJ2svQoXIddP-wuyw,Wasan Brooklyn,dinner,(718) 864-3549,"440 Bergen St, Brooklyn, NY 11217",$$,4.0,268,japanese
L3reOLLPez7lnOhyfCpvkg,Shinka Ramen & Sake Bar,dinner,(212) 343-8111,"93 Bowery St, New York, NY 10002",$$,4.5,410,japanese
Zjdtcex73QIz2_MvEvDrFQ,MakiMaki Sushi,dinner,(212) 245-4550,"1369 6th Ave, New York, NY 10019",$$,4.0,237,japanese
LHcpOjPtc8QQCrFiRFjWyA,Slow Loris,dinner,(718) 484-7170,"556 Flatbush Ave, Brooklyn, NY 11225",$$,4.5,159,japanese
lxQ-tzFmL1tmUqZUN-CSRQ,Bozu,dinner,(718) 384-7770,"296 Grand St, Brooklyn, NY 11211",$$,4.0,868,japanese
BlzlywklvYdek5uk_NCX9g,Suzume,dinner,(718) 486-0200,"545 Lorimer St, Brooklyn, NY 11211",$$,4.0,346,japanese
o5EIqc4LekAoeLHiYjzLqQ,Bar Goto,dinner,(212) 475-4411,"245 Eldridge St, New York, NY 10002",$$,4.5,254,japanese
LHzu-L1UoWnTrBdiGLMaPQ,Muteki Ramen,dinner,(201) 520-9521,"100 York St, Jersey City, NJ 07302",,4.5,29,japanese
HGLH-sa-Fp3X6UXcaG7U0g,66S Fusion,dinner,(718) 222-0050,"130 Flushing Ave, Brooklyn, NY 11205",$$,4.0,177,japanese
dOxHYQmBR14Fa2C1X8oMMQ,Sushi Lab,dinner,(212) 432-0000,"132 W 47th St, New York, NY 10036",$$$$,4.5,448,japanese
Ww3aAPf0sA5ygAXu2qV1ZQ,Taiki,dinner,(929) 356-4826,"134 Nevins St, Brooklyn, NY 11217",$$$,4.5,91,japanese
ZOpnIsm7ihoO1gq2YmGdzw,Zurutto Ramen & Gyoza Bar,dinner,(212) 498-0022,"142 W 72nd St, New York, NY 10023",$$,4.0,457,japanese
ZaJS8EKQNSaQpwpmgN-vVw,Samurai Mama,dinner,(718) 599-6161,"205 Grand St, Brooklyn, NY 11211",$$,4.0,641,japanese
0cQcKV7eCOhw7OnflOzr9w,Zhongzhong Noodles - Roosevelt Island,dinner,(646) 870-0005,"568 Main St, New York, NY 10044",$$,4.5,70,japanese
enDIsmxSG2bQccQWgGNcbg,Takumen,dinner,(718) 361-7973,"5-50 50th Ave, Long Island City, NY 11101",$$,4.0,275,japanese
cyOaoc0U6Trc0FZu6l14VQ,Sarashina Horii,dinner,(917) 409-0546,"45 E 20th St, New York, NY 10003",,4.0,100,japanese
l7G5tDA96xbA_bx1ZgkOeg,ICHIRAN Midtown,dinner,(212) 465-0701,"132 W 31st St, New York, NY 10001",$$,4.0,1134,japanese
VzstANC68PM1BbyOcDXEtw,Donburiya,dinner,(212) 980-7909,"253 W 55th St, New York, NY 10019",$$,4.0,410,japanese
LTfR_0NiS7OIRCfkaAJg9w,Silver Rice,dinner,(718) 398-8100,"638 Park Pl, Brooklyn, NY 11238",$$,4.5,321,japanese
oTL_nPII6x0HfPVpEQklUg,PLANTA Queen - Nomad,dinner,(917) 675-7700,"15 W 27th St, New York, NY 10001",$$,4.5,434,japanese
qVlDLz8Ri-ThAFJgYHuQ9A,Omusubi Gonbei,dinner,(917) 472-7168,"370 Lexington Ave, New York, NY 10017",$,4.5,93,japanese
Ms1p17KsYteDlkvHnllC2g,Soba Totto,dinner,(212) 557-8200,"211 E 43rd St, New York, NY 10017",$$,4.0,915,japanese
xYDays-olVw50rdusxW5Rw,Wanpaku,dinner,(718) 383-3139,"621 Manhattan Ave, Brooklyn, NY 11222",$$,4.0,136,japanese
abNHO9-xlCsv31gghCUuxw,Zutto Japanese American Pub,dinner,(212) 233-3287,"77 Hudson St, New York, NY 10013",$$,4.0,969,japanese
1m1iOc8EplJ4tiCez7hf2Q,750 Myrtle Diner,dinner,(718) 758-5298,"750 Myrtle Ave, Brooklyn, NY 11205",$$,4.0,126,japanese
nZdo3ihbeX0l9eLBFS-nWg,DOMODOMO Jersey City,dinner,(201) 267-0222,"200 Greene St, Jersey City, NJ 07302",,4.5,569,japanese
8NVN6Nldm7AGoGaABBZMRw,Izakaya NoMad,dinner,(212) 213-6258,"13 W 26th St, New York, NY 10010",$$,4.0,718,japanese
e7waIGDxL87Y2GXA-oK2Yw,Senshi Ramen,dinner,,"100 Pearl St, New York, NY 10004",,4.0,19,japanese
O1XrvIq-6IlLunLYEjOiFQ,Kushi Kushi Yaki,dinner,(212) 279-3075,"2 W 32nd St, New York, NY 10001",,4.5,100,japanese
_Rht6oJmkku0kJob-fMzNw,Sankaku Bar,dinner,(212) 274-0428,"428 Greenwich St, New York, NY 10013",,4.5,7,japanese
O73yeXgNF7ReLuY6EsOa1w,Sushi & Co,dinner,(646) 799-9911,"67 Nassau St, New York, NY 10038",$$,4.5,121,japanese
OLSSJIp8pu5UlugTF7tuHA,Ootoya Chelsea,dinner,(212) 255-0018,"8 W 18th St, New York, NY 10011",$$,4.0,1490,japanese
0j4yPmK9rOS52-mgKoq0Eg,Maison Yaki,dinner,,"626 Vanderbilt Ave, Brooklyn, NY 11238",$$$,3.5,134,japanese
d8qCvlsG3jwxQPZc_OGogQ,Hibino,dinner,(718) 260-8052,"333 Henry St, Brooklyn, NY 11201",$$,4.0,411,japanese
Ta1tudYs2rPuxo-Hcn7_NQ,Gosuke Akimitsu,dinner,(646) 861-1741,"235 W 35th St, New York, NY 10001",,4.5,36,japanese
AudBWxeAr3zHr1ITrTcVpg,Izakaya Fuku,dinner,(718) 255-1120,"71-28 Roosevelt Ave, Jackson Heights, NY 11372",$$,4.5,201,japanese
AjlmpAQV8W4--y0EksO-9g,Simple NYC,dinner,(646) 870-8292,"109 Eldridge St, New York, NY 10002",$$,4.5,344,japanese
QaEqD7q2GtmlovBOPC6yIQ,Murasaki,dinner,(718) 482-7088,"46-44 Vernon Blvd, Long Island City, NY 11101",$$,4.5,255,japanese
ax4INkzwL__-d_kGJfcA-w,Kaikagetsu NYC,dinner,(646) 590-3900,"162 Orchard St, New York, NY 10002",$$$$,4.5,133,japanese
YwpP-mgXV5N35xhLibLw5g,Names,dinner,(718) 513-0698,"453 Rogers Ave, Brooklyn, NY 11225",$$,4.0,149,japanese
4LVINhq3y4hCrxtShrNkYQ,Momo Ramen,dinner,(718) 622-4813,"78 5th Ave, Park Slope, NY 11217",$$,4.0,346,japanese
OOZgZGmiKocoYRgUOupEcA,karakatta,dinner,(917) 261-6297,"230 Thompson St, New York, NY 10012",$$,4.0,258,japanese
alFl7eiu6Go-YxZAdp88Fw,Go! Go! Curry!,dinner,(212) 406-5555,"12 John Street, World Trade Center Stadium, New York, NY 10038",$$,4.0,395,japanese
xrnk8mgoV7up6fauVmugpw,Jun-Men Ramen Bar,dinner,(646) 852-6787,"249 9th Ave, New York, NY 10001",$$,4.0,687,japanese
kvpSqh3q7r3HK3Tw-wXGEQ,Ashbox,dinner,(718) 389-3222,"1154 Manhattan Ave, Brooklyn, NY 11222",$,4.5,146,japanese
5llQecdr7h5XY2tNu405pg,MIkado Sushi,dinner,(212) 255-9981,"109 W 14th St, New York, NY 10011",,5.0,3,japanese
0gPXct_l_82phIEoKdtWZw,RYUJIN,dinner,(718) 709-9888,"513 Grand St, Brooklyn, NY 11211",$$,4.0,338,japanese
PwrYnl3j3YCGzILX_5UHpw,Davelle,dinner,(646) 988-1973,"102 Suffolk St, New York, NY 10002",$$,4.0,302,japanese
dMU62c3NKm7AFy90sA-Xtw,Kogane Ramen-Manhattan,dinner,(212) 337-9832,"337 W 14th St, New York, NY 10014",$$,4.5,257,japanese
91tQ4ToReVVCA5MTJi9gfw,Iron Chef House,dinner,(718) 858-8517,"92 Clark St, Brooklyn, NY 11201",$$,4.0,451,japanese
i8h1ghJN7NdZmvIE3T6-yg,Kyuramen - Long Island City,dinner,(718) 786-6918,"27-17 42nd Rd, Long Island City, NY 11101",$$,4.5,74,japanese
WlRZ4JEAVqtemQ5WQhFAFg,Maru 2,dinner,(646) 724-0508,"267 W 17th St, New York, NY 10011",$,4.5,151,japanese
wjIyCBEpCG_HRp8veiI0YQ,Ootoya Times Square,dinner,(212) 704-0833,"141 W 41st St, New York, NY 10036",$$,4.0,1045,japanese
SoBdWOxymmY5yKANn63UWw,Ozu,dinner,(718) 797-3288,"78 Clark St, Brooklyn, NY 11201",$$,4.0,280,japanese
ONQRhDuWv0e9R5xOiI7YAA,Gyu-Kaku Japanese BBQ,dinner,(646) 692-9115,"321 W 44th St, Unit 103, New York, NY 10036",$$,4.0,1331,japanese
IYwz7ck1OZCoZqW0F31pLg,MISC,dinner,(347) 663-4021,"758 Franklin Ave, Brooklyn, NY 11238",$$,4.0,196,japanese
VaL9GaBR_GR-q9d1VzJF3g,SUteiShi,dinner,(212) 766-2344,"24 Peck Slip, New York, NY 10038",$$$,4.0,590,japanese
KF9qPyGdflpc1if-NObz2w,Choo Choo Train,dinner,(201) 482-8888,"374 Broad Ave, Leonia, NJ 07605",,4.5,54,japanese
SxKvgnkMMZdhBJcxxKQnww,Nobu Fifty Seven,dinner,(212) 757-3000,"40 W 57th St, New York, NY 10019",$$$$,4.0,1386,japanese
i8F0fnempD5fTb2CxbwKDw,Izakaya,dinner,(917) 697-7162,"326 E 6th St, New York, NY 10003",$$,4.0,273,japanese
zJcxZQbTSAP3q4Fy-6WAyw,Shalom Japan,dinner,(718) 388-4012,"310 S 4th St, Brooklyn, NY 11211",$$$,4.0,321,japanese
_PGwWwpU4OrLBgdNainzoA,Bar Goto Niban,dinner,,"474 Bergen St, Brooklyn, NY 11217",,4.5,26,japanese
EXsorzjQ3y3Oh5-m82lgtg,Bushniwa,dinner,(718) 386-8886,"250 Varet St, Brooklyn, NY 11206",$$,4.0,265,japanese
HwNGdMK77O-EzKLpmwT7yw,Kumi Restaurant and Bar,dinner,(212) 671-0439,"120 W 57th St, New York, NY 10019",,4.5,31,japanese
diCW3Pj1PTVRSyol_d7cZw,Chef's Table at Brooklyn Fare,dinner,(212) 216-9700,"431 W 37th St, New York, NY 10018",$$$$,4.5,613,japanese
cOXYWZ_GTX-_ue_kveguRg,SSAM,dinner,(917) 909-1248,"170 Smith St, Brooklyn, NY 11201",$$,3.5,466,japanese
EvAJBgBdgOt1jx1EufRN7w,Jin Ramen Upper West Side,dinner,(646) 657-0755,"462 Amsterdam Ave, New York, NY 10024",$$,4.0,1036,japanese
vec8jeVbbSGzVlStl0Xp_Q,Chikarashi,dinner,(646) 649-5965,"227 Canal St, New York, NY 10013",$$,4.0,509,japanese
G9SWgxH65OBQaJaE8dHkbw,Zest Ramen,dinner,(212) 226-2801,"112 Eldridge St, New York, NY 10002",$$,4.5,307,japanese
JRmQRFEEnSUdAcesHun9AQ,ICHIRAN - Brooklyn,dinner,(718) 381-0491,"374 Johnson Ave, Brooklyn, NY 11206",$$,4.0,1278,japanese
FLKABU82NNDnCvZSZD75Bg,Naruto Ramen,dinner,(212) 222-0229,"2634 Broadway, New York, NY 10025",$$,4.0,301,japanese
3paq_lNru7Dkdjg5q97UAw,J’s Kitchen New York,dinner,(917) 262-0434,"261 First Ave, New York, NY 10003",,5.0,17,japanese
5Akss-swwfyoSVeIsDBbvw,Basta Pasta,dinner,(212) 366-0888,"37 W 17th St, New York, NY 10011",$$,4.0,1502,japanese
xrZWbxETIF8qj6h4uvhJrQ,J-Spec,dinner,(212) 287-0107,"239 E 5th St, New York, NY 10003",,4.0,125,japanese
icpLRhJ1jpBX1zBGkt7Xqg,Teppen Ramen,dinner,(212) 355-2974,"159 E 55th St, New York, NY 10022",$$,4.5,534,japanese
uXsYr76zioJq7jjOKRwQog,Shinbashi 72,dinner,(212) 510-7799,"218 W 72nd St, New York, NY 10023",,5.0,76,japanese
vQ2MwpkjcrF7uxs87oMeyw,Noona Noodles,dinner,(347) 774-6987,"11 W 32nd St, New York, NY 10001",$$,4.0,101,japanese
zaYK-LuVRUoUVt6EV-xmPg,Tokyo Record Bar,dinner,(212) 475-2246,"127 Macdougal St, New York, NY 10012",$$$$,4.0,186,japanese
G4qZvheX74VwYvek7I8iQg,Buntopia,dinner,(347) 435-3660,"994 Broadway, Brooklyn, NY 11221",$$,4.5,360,japanese
pou1-d7PENs6AD4mnt9P4g,Sushi W,dinner,(917) 318-9739,"2673 Broadway, New York, NY 10025",,4.5,111,japanese
JXhs2xAn5wgzf_mnWewkxQ,Kono,dinner,(646) 524-6838,"46 Bowery, New York, NY 10013",,4.5,13,japanese
9dikwBwukRl26W6Jqo09nQ,Oramen,dinner,(646) 998-5754,"579 6th Ave, New York, NY 10011",$$,4.0,321,japanese
FXimZKjpMjbDR20M2ruhvg,Sapps,dinner,(718) 784-5555,"27-26 Jackson Ave, Long Island City, NY 11101",$$,4.0,258,japanese
DidyPs3Zx7MxsaN0RYpygQ,Kyuramen - Park Slope,dinner,(917) 909-1015,"155 5th Ave, Brooklyn, NY 11217",$$,4.5,86,japanese
VR7vl4qSerSyEMpHc0Bp9w,Go! Go! Curry!,dinner,(212) 505-2555,"231 Thompson St, New York, NY 10012",$$,4.0,255,japanese
cT48RskMO_o35Ua0tlifyQ,Heno Heno,dinner,(646) 398-8008,"358 W 46th St, New York, NY 10036",,4.5,37,japanese
icZcEK39HXuL2q08i4EkkQ,Bessou,dinner,(212) 228-8502,"5 Bleecker St, New York, NY 10012",$$,4.0,356,japanese
eyjeP9CJZ_gYgeJFP_vtpQ,Karasu,dinner,,"166 Dekalb Ave, Walter's, Brooklyn, NY 11217",$$$,4.0,108,japanese
44SY464xDHbvOcjDzRbKkQ,Ippudo NY,dinner,(212) 388-0088,"65 4th Ave, New York, NY 10003",$$,4.0,10407,japanese
DNSFvZtdsqkaidmFSpm-Jw,Soba Noodle Azuma,dinner,(917) 262-0540,"251 W 55th St, New York, NY 10019",$$,4.0,369,japanese
uUB8pP47svQpFfEN8lc2OA,Kamasu By Kissaki,dinner,(212) 577-1153,"20 Hudson Yards, Fl 2, Hudson Yards Shopping Complex, New York, NY 10001",,4.5,38,japanese
HZWHBfeuP4Fb6y8b8uqnbA,Sushi Yasaka,dinner,(212) 496-8460,"251 W 72nd St, New York, NY 10023",$$,4.0,1937,japanese
2YkqGzOldh-gcSSFkvP44Q,MIGHTY Bowl,dinner,(212) 777-5750,"120 Macdougal St, New York, NY 10012",$$,4.0,261,japanese
pil3w2-2REoXBwEToYZ_tQ,Bar Moga,dinner,(929) 399-5853,"128 W Houston St, New York, NY 10012",$$,4.0,260,japanese
OD4um1mrqmeInzIDNNsF9g,The Chemistry Room,dinner,(212) 514-6000,"130 West 47th St, New York, NY 10036",$$$$,4.5,47,japanese
vHs2lZOqcyuv5uO-OOs_Sg,To Date Japanese Food,dinner,(718) 567-0888,"768 57th St, Brooklyn, NY 11220",$$,4.5,52,japanese
C5tqSSgVPfgtsJn3QnvDiQ,Hibino,dinner,(718) 392-5190,"10-70 Jackson Ave, Long Island City, NY 11101",$$,4.0,260,japanese
GBk_i2qnjMtQIt_ntJpzbw,Ramen Andante,dinner,(929) 397-0010,"130 Grand St, Brooklyn, NY 11249",$$,4.0,81,japanese
LjAt-SP7BwIpp56TZHVsWA,Uotora,dinner,(718) 513-0724,"1075 Bergen St, Brooklyn, NY 11216",$$$$,4.5,115,japanese
mm8gYHxaLLRyv3CslY40TA,Suzuki Shokudo,dinner,(718) 472-3778,"38-01 31st St, Long Island City, NY 11101",$$,4.5,185,japanese
_IkMfWpOkQXRZtJAYJUJIw,Hama Japanese Cuisine,dinner,(212) 757-7103,"11 W 51st St, New York, NY 10019",$$,4.0,404,japanese
lY_gb_hNbit6GHBiOn3VeQ,Nami Nori,dinner,(646) 998-4588,"33 Carmine St, New York, NY 10014",$$$,4.0,611,japanese
nOyivdUQpQ0aNHD4lRVxSg,Katsuya,dinner,(212) 920-6816,"398 10th Ave, New York, NY 10001",,4.0,62,japanese
xuAtvWwGXfWGnxYK5hYvZg,Kettl,dinner,(347) 762-8142,"70 Greenpoint Ave, Brooklyn, NY 11222",,4.5,25,japanese
hUf1EpnxbxFU4gf2nL7H-Q,Raku It's Japanese,dinner,(212) 355-3272,"212 East 52nd St, New York, NY 10022",$$,4.5,165,japanese
uCXsqMEfD12Rlmp1H09_Nw,Omakase Sushi Dairo,dinner,(212) 529-4193,"208 3rd Ave, New York, NY 10003",,5.0,63,japanese
qd9_gxrmskbOT6OLN9sShA,Dock Asian Eatery,dinner,(718) 821-3900,"22 Wyckoff Ave, Brooklyn, NY 11237",$$,4.0,196,japanese
ZfuZ2byArGq-5j8zX8Afeg,Zest Sushi,dinner,(212) 677-3158,"249 Broome St, New York, NY 10002",$$,4.0,914,japanese
g9IFea9brBr8j8awcdOBOw,Chopped Parsley,dinner,(917) 603-3181,"500 W 146th St, New York, NY 10031",$$,4.5,131,japanese
aTzxrI2o3vH_HQkqeFszzg,Juban,dinner,(646) 398-9770,"207 10th Ave, New York, NY 10011",$$,4.0,224,japanese
nhez4xxvwwYIQEN2Vrj9mQ,YUJI Ramen,dinner,,"150 Ainslie St, Brooklyn, NY 11211",$$,4.0,134,japanese
KcOeFHAojaRDV-DxQJkfPA,Omakase By Korami,dinner,(917) 215-0650,"400A W 50th St, New York, NY 10019",$$$$,5.0,269,japanese
ulyoll6G7GmmWXzBPSD4mw,Kuu,dinner,(646) 838-5828,"1275 1st Ave, New York, NY 10065",$$,4.0,59,japanese
hdiTkEnD14VpXNl-APTg2g,Nana Ramen,dinner,(929) 210-0589,"330 Malcolm X Blvd, Brooklyn, NY 11233",$$,4.0,192,japanese
yecdlU3oJb1c7rwbjtxchQ,Marufuku Ramen - New York,dinner,(917) 675-6765,"92 2nd Ave, New York, NY 10003",$$,4.5,147,japanese
0IlPgT9j_85PuLDs8ZqiUw,BentOn Cafe,dinner,(212) 922-9788,"156 E 45th St, New York, NY 10017",$,4.0,154,japanese
c6R_hvUwsqXX2MUXWtO94Q,Nakamura,dinner,(212) 614-1810,"172 Delancey St, New York, NY 10002",$$,4.0,399,japanese
a8Lj13uc3Hhyjm0eYL90sw,Sushi On Me,dinner,(929) 268-5691,"71-26 Roosevelt Ave, Jackson Heights, NY 11372",$$$$,5.0,190,japanese
GXNIS_0MaWoVHmABQfQvKw,Zutto Ramen Sushi Bar,dinner,(212) 207-0099,"384 Broome St, New York, NY 10013",,4.5,43,japanese
yono7ZJcU1KiqfC-xUMaIA,Japan Village,dinner,(347) 584-4579,"934 3rd Ave, Brooklyn, NY 11232",$$,3.5,276,japanese
-Q8MYIWoE4EsGQtudIOY0w,Bua Thai Ramen & Robata Grill,dinner,(212) 879-7999,"1611 2nd Ave, New York, NY 10028",$$,4.5,1721,japanese
Mk8Z_9h_NtVJhff1pwK1Gg,Itto Sushi,dinner,(732) 997-4200,"239 Barrow St, Jersey City, NJ 07302",$$,4.5,51,japanese
0Lnp_fi3gI2bfJ8RcMDfjg,Gen,dinner,(718) 398-3550,"659 Washington Ave, Brooklyn, NY 11238",$$,4.0,295,japanese
_3P3HQB513zGovhhN4uDQw,Za-Ya,dinner,(929) 460-5929,"321 Starr St, Brooklyn, NY 11237",,5.0,22,japanese
qhV-FcvEKGRY9JyvhHyYwg,No Strings Attached Noodle Bar,dinner,(917) 261-4983,"135B N 5th St, Brooklyn, NY 11249",$$,4.0,33,japanese
kN3rkbjvqkY62CDRYUVz4g,Yopparai,dinner,(212) 777-7253,"49 Clinton St, Ground Floor, New York, NY 10002",$$$,4.5,253,japanese
9bAyxRD6RsGEUQw424ovQA,Nishida Sho-ten,dinner,(212) 308-0791,"302 E 49th St, New York, NY 10017",$$,4.0,847,japanese
Nnc2RVv5TPNAy70gOJrc-Q,Moonrise Izakaya,dinner,(646) 541-2506,"774 Amsterdam Ave, New York, NY 10025",$$,4.0,158,japanese
skL_mmJRGkLTrdYhy3rnlg,Sushi Hatsune,dinner,,"50 Eldridge St, New York, NY 10002",,4.5,46,japanese
pNe8ZCkGTe4cXfKdOF7kYQ,Ise Restaurant,dinner,(212) 228-4152,"63 Cooper Sq, New York, NY 10003",$$,4.5,589,japanese
ckuFutONOBo_rrscCkLUBw,Susuru Ramen,dinner,(718) 806-1521,"33-19 36th Ave, Astoria, NY 11106",$$,5.0,121,japanese
lN5tiN-4eBNeh8F0zcI6Hw,Fuyu Ramen,dinner,(718) 786-2200,"4617 Queens Blvd, Sunnyside, NY 11104",$$,4.5,187,japanese
U28l2acDK2k5PlssjzoCZA,Kaizen,dinner,(718) 971-2413,"33-70 Farrington St, Flushing, NY 11354",,4.0,76,japanese
0eLtFI6MeEYM2rlMtcjRaQ,IZAKAYA E.A.K. Hell's Kitchen,dinner,(646) 850-8032,"360 W 46th St, New York, NY 10036",$$,4.0,214,japanese
gDcpB3AnhXv9-NUf_3chEA,Daikanyama,dinner,(212) 837-1853,"1000 3rd Ave, New York, NY 10022",,4.0,25,japanese
w-GSdTRGTE44AN9D2uTLWw,Momo 97,dinner,(646) 952-0138,"1396 Madison Ave, New York, NY 10029",,4.0,66,japanese
7iY35991NhQ1AShJZCNZgA,Sakagura,dinner,(212) 953-7253,"211 E 43rd St, New York, NY 10017",$$$$,4.0,1846,japanese
CqQ2Og9kf-LhlUWtODalCQ,Blue Ribbon Sushi Bar & Grill - Columbus Circle,dinner,(212) 397-0404,"308 W 58th St, 6 Columbus Hotel, New York, NY 10019",$$$,4.0,818,japanese
jWTRQxyUqZEp7oc7D0JIDg,Izakaya Ajimi,dinner,,"8500 18th Ave, Brooklyn, NY 11214",$$,4.5,92,japanese
1VulIvaA95_ZjBIs1O0sxQ,Brooklyn Ball Factory,dinner,(718) 387-5296,"95 Montrose Ave, Brooklyn, NY 11206",$$,4.0,153,japanese
hZDZ--W5gd7E0W8lz_feLg,ABC Eats Food Hall,dinner,(718) 392-5737,"22-22 Jackson Ave, Long Island City, NY 11101",$$,4.0,30,japanese
GrYs4dj4mseJ4ctu4KhR9Q,Ikebana Zen,dinner,(917) 388-2268,"401 W 53rd St, New York, NY 10019",,4.5,106,japanese
QbAfrOxbuYKU248SDXHZEQ,R,dinner,,"Midtown W, New York, NY 10019",$$,4.0,5473,japanese
itH4GH2Mw2D5n5kkQAtMog,Abiko Curry,dinner,(212) 695-0888,"2 W 32nd St, New York, NY 10001",$$,4.0,947,japanese
kIzVGUWS2b5H_b-G0Q0-0g,Katana Kitten,dinner,(212) 243-3007,"531 Hudson St, New York, NY 10014",$$,4.0,164,japanese
22CRLIEfJWIO-8RjEiecAg,Akino,dinner,(718) 779-8280,"82-80 Broadway, Elmhurst, NY 11373",$$$,4.5,1043,japanese
Pfjb9Rn5Th7R-pLXVARwlA,Jin Ramen - West Harlem,dinner,(646) 559-2862,"3183 Broadway, New York, NY 10027",$$,4.0,1142,japanese
9Kcicw-V-K5JF0PEmFhBUg,Abe Sushi,dinner,(718) 833-3888,"7910 13th Ave, Ste A, Brooklyn, NY 11228",,5.0,1,japanese
FU3_u6uZ5d5Zli_XffQnlg,Dr. Clark,dinner,,"104 Bayard St, New York, NY 10013",,3.0,126,japanese
wlgM8cU6BOm2sLGud-n-rw,MOKO,dinner,(917) 373-9946,"138 2nd Ave, New York, NY 10003",,4.0,103,japanese
479rycCXZojMT9S0cl8Oxg,Yakiniku Gen,dinner,(212) 602-1129,"250 E 52nd St, New York, NY 10022",$$$,4.0,161,japanese
XfHgiIsoo1Pr_v04bx9ptg,Sushumai Asian Fusion,dinner,(212) 777-8808,"112 Stanton St, New York, NY 10002",$$,4.5,232,japanese
2_zM-VTPBINeV74yqlho9w,Ooi Sushi and Bar,dinner,(718) 433-1888,"42-36 Crescent St, Long Island City, NY 11101",$$,4.5,215,japanese
Vax8zZArgIYvnXfjqX_DxA,Saito,dinner,(646) 590-2969,"72 Kenmare St, New York, NY 10012",,4.0,12,japanese
-86K6KX3HlUwkWTWRO3VAQ,KYURAMEN,dinner,(917) 285-2332,"133-42 37th Ave, Flushing, NY 11354",$$,4.0,1110,japanese
Jwa9ibcOtv42oNpqdE7z8A,Ani Ramen House,dinner,(201) 408-9811,"218 Newark Ave, Jersey City, NJ 07302",$$,4.0,729,japanese
U7gqQHSRFNYCad3qGLj3yQ,Umami Sushi,dinner,(646) 756-4278,"50 Greenwich Ave, New York, NY 10011",$$,4.5,203,japanese
5EaTaKHxXtD5bTCVnbi2Xw,Za-Ya Ramen,dinner,(347) 987-4103,"545 Court St, Brooklyn, NY 11231",$$,4.5,181,japanese
DggqVM54aBZG4XMmUCY2Og,Rabbit House Omakase & Sake Bar ,dinner,(646) 448-4022,"41 Essex St, New York, NY 10002",$$$,4.5,91,japanese
FxswnvW4Fat6dFYcQNaE7Q,Hall,dinner,,"17 W 20th St, New York, NY 10011",,4.5,63,japanese
DdoubmNfPNRi9xNmcQ64ug,Tsurutontan Udon Noodle Brasserie - Midtown,dinner,(212) 575-2282,"64 W 48th St, New York, NY 10036",$$,3.5,634,japanese
6Uh0whZI_LgLGYATzL3S4w,Tibetan Japanese Restaurant,dinner,(718) 440-9359,"7526 37th Ave, Jackson Heights, NY 11372",,4.0,62,japanese
P_RNungaIf6FZdzEWkoQ0g,Sakura of Japan,dinner,(212) 775-8540,"29 John St, New York, NY 10038",$,3.5,162,japanese
SKoMUaQewpMdj1Mg8QvBNw,Nobu Downtown,dinner,(212) 219-0500,"195 Broadway, New York, NY 10007",$$$$,3.5,519,japanese
v3qQvMjj4KSZ4dPU4ERyiw,Ramen Spot,dinner,(718) 809-2527,"760 Manhattan Ave, Brooklyn, NY 11222",$$,4.5,127,japanese
OjL4yNu-EpUOeUMC64DWJw,The Izakaya NYC,dinner,(646) 524-5251,"215 East 4th St, Ground floor, New York, NY 10009",,4.0,39,japanese
VdAVjghEq_Zl-DDte0mjrw,ACRE,breakfast,(718) 954-9074,"64 Meserole Ave, Brooklyn, NY 11222",$$,4.5,72,japanese
GlPJPpKvPR4d8dmcSEYpdA,Takahachi Bakery,breakfast,(212) 791-5550,"25 Murray St, New York, NY 10007",$$,4.0,987,japanese
PwrYnl3j3YCGzILX_5UHpw,Davelle,breakfast,(646) 988-1973,"102 Suffolk St, New York, NY 10002",$$,4.0,302,japanese
qVlDLz8Ri-ThAFJgYHuQ9A,Omusubi Gonbei,breakfast,(917) 472-7168,"370 Lexington Ave, New York, NY 10017",$,4.5,93,japanese
9QK3vhI04Q8ylqk49C3JcQ,Rule of Thirds,breakfast,(347) 334-6684,"171 Banker St, Brooklyn, NY 11222",,4.0,339,japanese
UQuV1hiPRPqPT2qBcLrQqA,Flipper’s,breakfast,(917) 265-8292,"337 W Broadway, New York, NY 10013",$$,3.5,714,japanese
kvpSqh3q7r3HK3Tw-wXGEQ,Ashbox,breakfast,(718) 389-3222,"1154 Manhattan Ave, Brooklyn, NY 11222",$,4.5,146,japanese
FxswnvW4Fat6dFYcQNaE7Q,Hall,breakfast,,"17 W 20th St, New York, NY 10011",,4.5,63,japanese
7OMGEtFWT6sdd9TVuoGqJQ,Okonomi,breakfast,(929) 295-0480,"150 Ainslie St, Brooklyn, NY 11211",$$,4.5,490,japanese
1VulIvaA95_ZjBIs1O0sxQ,Brooklyn Ball Factory,breakfast,(718) 387-5296,"95 Montrose Ave, Brooklyn, NY 11206",$$,4.0,153,japanese
7rxg-tWPc1jK7Cikn5R86g,Hi-Collar,breakfast,(212) 777-7018,"231 E 9th St, New York, NY 10003",$$,4.0,713,japanese
bokNBgAa9rmMMO8dkZVR1w,Rice & Miso,breakfast,(929) 279-3488,"134 Nevins St, Brooklyn, NY 11217",$$,4.5,96,japanese
cLxp5gIPWIhmvpmdPo7BsA,969 NYC Coffee,breakfast,(646) 203-7304,"37-61 80th St, Jackson Heights, NY 11372",$,4.5,346,japanese
r6r-XK_wL02FQdAgaauTxg,Kame,breakfast,(917) 391-8587,"330 8th Ave, New York, NY 10001",$$,4.5,637,japanese
6xPlSpyxE3PLJVeRvt2BwQ,Yaya Tea Garden,breakfast,(212) 226-8803,"51 Chrystie St, New York, NY 10002",$,4.0,522,japanese
enDIsmxSG2bQccQWgGNcbg,Takumen,breakfast,(718) 361-7973,"5-50 50th Ave, Long Island City, NY 11101",$$,4.0,275,japanese
-fRgp3gv0-R6y9YOJX8ZVA,Warude,breakfast,(718) 684-4449,"385 Tompkins Ave, Brooklyn, NY 11216",$$,4.0,136,japanese
lEH8EUPX3Zn_trHauIycYw,Aoi Kitchen,breakfast,(646) 454-0084,"320 E 6th St, New York, NY 10003",$$,4.0,176,japanese
YwpP-mgXV5N35xhLibLw5g,Names,breakfast,(718) 513-0698,"453 Rogers Ave, Brooklyn, NY 11225",$$,4.0,149,japanese
TN4RnyqHMSupRFot4Q-_EA,Ippudo Westside,breakfast,(212) 974-2500,"321 W 51st St, New York, NY 10019",$$,4.0,3914,japanese
gxrxuP4_Mc_WbISGotgiLw,Juju Cafe and Deli,breakfast,(347) 889-5525,"143 Smith St, Brooklyn, NY 11201",$,4.5,41,japanese
pehKHPaU7Zgqf5SQ0MZmLA,Bread & Butter,breakfast,(212) 448-0444,"303 5th Ave., New York, NY 10001",$,2.5,229,japanese
G4qZvheX74VwYvek7I8iQg,Buntopia,breakfast,(347) 435-3660,"994 Broadway, Brooklyn, NY 11221",$$,4.5,360,japanese
0uyNyorc1m-W0R4zd-wvhQ,Beard Papa's,breakfast,(212) 935-6308,"239 E 53rd St, New York, NY 10022",,4.5,164,japanese
jsJdz6pvyYZjtut9vkUwBw,Yaya Tea Grand,breakfast,(212) 929-2832,"206 Grand St, New York, NY 10013",$,4.0,307,japanese
fHHpSKT9u7PQBYaMW5cEkA,Trad Room,breakfast,(347) 240-5760,"266 Malcolm X Blvd, Brooklyn, NY 11233",$$,4.5,106,japanese
qikiQkcPe40utb7uKDJMHQ,Cafe Zaiya,breakfast,(212) 764-6785,"1073 6th Ave, Fl 2, Kinokuniya Bookstore, New York, NY 10018",$,3.5,184,japanese
j-a8HUcsBJXHV2IfF786jw,Kogane Ramen-Brooklyn Heights,breakfast,(718) 875-2828,"76 Henry St, Brooklyn, NY 11201",$$,4.0,401,japanese
l5ljyjseOlWnvIVEXx0LxA,TomoTomo,breakfast,(646) 383-4794,"152 W 52nd St, Ste 109, New York, NY 10019",,4.5,48,japanese
l7G5tDA96xbA_bx1ZgkOeg,ICHIRAN Midtown,breakfast,(212) 465-0701,"132 W 31st St, New York, NY 10001",$$,4.0,1134,japanese
OFfZUS-nu6NDnsWe1B2bUQ,Tonchin,breakfast,(646) 692-9912,"13 W 36th St, New York, NY 10018",$$,4.5,1692,japanese
0bMf8p1XhAJw8L5nhW5C6A,Happy Canteen,breakfast,(917) 873-7364,"1801C Ave U, Brooklyn, NY 11229",,4.5,21,japanese
Pfjb9Rn5Th7R-pLXVARwlA,Jin Ramen - West Harlem,breakfast,(646) 559-2862,"3183 Broadway, New York, NY 10027",$$,4.0,1142,japanese
eEfscQIXLMVvyv79Kr4Ujg,Tabletime,breakfast,(212) 682-4242,"20 E 42nd St, New York, NY 10017",$$,4.0,80,japanese
4TQMO6AaKSXHMbKvGAf-gg,Llama San,breakfast,(646) 490-4422,"359 6th Ave, New York, NY 10014",$$$$,4.0,258,japanese
icZcEK39HXuL2q08i4EkkQ,Bessou,breakfast,(212) 228-8502,"5 Bleecker St, New York, NY 10012",$$,4.0,356,japanese
3eBV6HwWcdHzJW3sUH-2hw,ICHIRAN - Times Square,breakfast,(646) 964-4294,"152 W 49th St, New York, NY 10019",$$,4.5,666,japanese
zJcxZQbTSAP3q4Fy-6WAyw,Shalom Japan,breakfast,(718) 388-4012,"310 S 4th St, Brooklyn, NY 11211",$$$,4.0,321,japanese
DPDznXYX5DBLBASKfxQ-DQ,Totto Ramen Hell's Kitchen,breakfast,(646) 596-9056,"464 W 51st St, New York, NY 10019",$$,4.0,1160,japanese
kMZAO0Sc91FrSz7y1JL0XA,Bread & Butter,breakfast,,"757 3rd Ave, New York, NY 10017",$,2.5,112,japanese
wJwbAYEyD_sTJsn_3KL8oQ,Yaya Tea Garden,breakfast,(917) 261-4676,"284 3rd Ave, New York, NY 10010",$,3.5,100,japanese
aoYDuvipcT_XGAM5ckFJnA,Cafe Water,breakfast,(212) 785-1320,"130 Water St, New York, NY 10005",$$,3.0,90,japanese
uj4SLFi04cLsdfiMo8tAQA,Grand Dumpling,breakfast,(929) 349-1110,"7402 Grand Ave, Elmhurst, NY 11378",,4.0,17,japanese
44SY464xDHbvOcjDzRbKkQ,Ippudo NY,breakfast,(212) 388-0088,"65 4th Ave, New York, NY 10003",$$,4.0,10407,japanese
qm1J_dPA5IHij1oAnoZwHw,nonono,breakfast,(646) 707-3227,"118 Madison Ave, New York, NY 10016",$$$,4.0,1038,japanese
vk7W3_sQwr7eZbRFsXv6rw,Taiyaki NYC,breakfast,(212) 966-2882,"119 Baxter St, New York, NY 10013",$,4.5,3216,japanese
X73hpslpgeJNhVohYIUzfQ,Dashi - Brooklyn,breakfast,(929) 276-3310,"119 Ingraham St, Fl 1, Brooklyn, NY 11237",$$,4.5,76,japanese
g8i7ZoTri1fUGkaIM6fP9A,Souen,breakfast,(212) 388-1155,"326 E 6th St, New York, NY 10003",$$,3.5,350,japanese
SevqL7wiW0Dk-s1G6YUOtg,Awesome Organic Market,breakfast,(718) 788-3663,"493 5th Ave, Brooklyn, NY 11215",,3.5,21,japanese
eRtceh_W_yniAfCqJni5Bg,Go! Go! Curry!,breakfast,(212) 730-5555,"273 W 38th St, New York, NY 10018",$$,4.0,1500,japanese
fnj0NiZpdmtUl7PzITgv3A,Komegashi Too,breakfast,(201) 533-8888,"99 Town Square Pl, Jersey City, NJ 07310",$$,3.5,481,japanese
0j4yPmK9rOS52-mgKoq0Eg,Maison Yaki,breakfast,,"626 Vanderbilt Ave, Brooklyn, NY 11238",$$$,3.5,134,japanese
4UXwPdVdaMJx1xWNNBlWNQ,Katsune Donkatsu Cafe,breakfast,(201) 585-1011,"1400 Anderson Ave, Ste 3, Fort Lee, NJ 07024",$$,4.5,172,japanese
LOZ0SaAh2uAMkRD47j6bhQ,Wakuwaku,breakfast,(347) 584-4577,"269 36th St, Brooklyn, NY 11232",,3.5,68,japanese
alFl7eiu6Go-YxZAdp88Fw,Go! Go! Curry!,breakfast,(212) 406-5555,"12 John Street, World Trade Center Stadium, New York, NY 10038",$$,4.0,395,japanese
AjlmpAQV8W4--y0EksO-9g,Simple NYC,breakfast,(646) 870-8292,"109 Eldridge St, New York, NY 10002",$$,4.5,344,japanese
HfJhenvKDi-ds8SUJFwrLg,Momofuku Noodle Bar - East Village,breakfast,(212) 777-7773,"171 1st Ave, New York, NY 10003",$$,3.5,4361,japanese
ujozQCThEuSfEXi5_6ZTPQ,Ramen Setagaya,breakfast,(718) 218-8508,"280 Bedford Ave, Brooklyn, NY 11249",$$,4.0,302,japanese
Pr-q47vsmM4aoc2t_Sfk8w,Momofuku Noodle Bar - Uptown,breakfast,,"10 Columbus Cir, Third Floor, New York, NY 10019",$$,4.0,462,japanese
eS9mTLlWwu_Ap2ROMQWPxg,Chuko,breakfast,(347) 425-9570,"565 Vanderbilt Ave, Brooklyn, NY 11238",$$,4.0,1100,japanese
YjDOSFuRWNp2d1znivWyIA,Sunrise Mart,breakfast,(212) 219-0033,"494 Broome St, New York, NY 10012",$$,4.0,292,japanese
_3P3HQB513zGovhhN4uDQw,Za-Ya,breakfast,(929) 460-5929,"321 Starr St, Brooklyn, NY 11237",,5.0,22,japanese
VaL9GaBR_GR-q9d1VzJF3g,SUteiShi,breakfast,(212) 766-2344,"24 Peck Slip, New York, NY 10038",$$$,4.0,590,japanese
eyqVOLoOLrqZ98_QhdPXqg,Ramen Danbo,breakfast,,"52 7th Ave, Brooklyn, NY 11217",$$,4.5,418,japanese
7Q68kpPS6okcC8Kkw7g42A,Sushi Lab,breakfast,(212) 432-0000,"132 W 47th St, New York, NY 10036",,4.0,446,japanese
-J8VuX3wGrYSOBu2G0hMsw,Katsu-Hama,breakfast,(212) 758-5909,"11 E 47th St, New York, NY 10017",$$,4.0,1497,japanese
y_ylOQzCP-9D_4DcUIJ3jA,Shabu Tatsu East Village,breakfast,(212) 477-2972,"216 E 10th St, New York, NY 10003",$$,4.0,660,japanese
oTkzgr7hzOAdlP99Auj3GQ,Momosan Ramen & Sake - New York,breakfast,(646) 201-5529,"342 Lexington Ave, New York, NY 10016",$$,4.0,1769,japanese
-Exv1AEsaKU6Cdb2TO_ZUg,The Lobster Club,breakfast,(212) 375-9001,"98 E 53rd St, New York, NY 10022",$$$$,4.0,121,japanese
AqDXjw-mdtknK5PIWw7Wjg,Koro Koro,breakfast,(201) 432-2033,"538 Jersey Ave, Jersey City, NJ 07302",$,4.0,241,japanese
TeBthQZ2xpxyvXheS08ovw,Blue Ribbon Sushi Izakaya,breakfast,(212) 466-0404,"187 Orchard St, New York, NY 10002",$$,4.0,557,japanese
0uk7ctUq9ppLLaAt1ZZK5A,KAI Sweets Cafe,breakfast,(201) 840-4050,"595 River Rd, Mitsuwa Marketplace, Edgewater, NJ 07020",$,3.5,95,japanese
TINmdFoqN8zm1MUpgRt7Jw,Gugu Room,breakfast,(646) 329-6875,"143 Orchard St, New York, NY 10002",,4.0,58,japanese
Nnc2RVv5TPNAy70gOJrc-Q,Moonrise Izakaya,breakfast,(646) 541-2506,"774 Amsterdam Ave, New York, NY 10025",$$,4.0,158,japanese
-86K6KX3HlUwkWTWRO3VAQ,KYURAMEN,breakfast,(917) 285-2332,"133-42 37th Ave, Flushing, NY 11354",$$,4.0,1110,japanese
wqYHhMnpdfUVGL5JI3Wi_A,Ivan Ramen,breakfast,(646) 678-3859,"25 Clinton St, New York, NY 10002",$$,3.5,1471,japanese
XKDHsS8PevoEdFLNtt05FA,Shuya Cafe De Ramen,breakfast,(718) 777-0430,"42-13 Broadway, Astoria, NY 11103",$$,4.5,328,japanese
hdiTkEnD14VpXNl-APTg2g,Nana Ramen,breakfast,(929) 210-0589,"330 Malcolm X Blvd, Brooklyn, NY 11233",$$,4.0,192,japanese
itH4GH2Mw2D5n5kkQAtMog,Abiko Curry,breakfast,(212) 695-0888,"2 W 32nd St, New York, NY 10001",$$,4.0,947,japanese
OEIJtIbT_AkpFnojr1e-Bg,Fresh Bites DOSIRAK,breakfast,(201) 592-0199,"168 Main St, Fort Lee, NJ 07024",,4.5,51,japanese
I9nt0X_e_MlOz_rUwFt_Fg,Global Kitchen,breakfast,(212) 581-3200,"1290 Ave Of Americas, New York, NY 10019",$,3.0,118,japanese
Tjo8JXQzoBwvw_QYicejiw,Ding Food Market,breakfast,(862) 772-4234,"241 Harrison Ave, Harrison, NJ 07029",,5.0,127,japanese
lBGWFNaQ5wIDCeVdRUX6sg,Sarku Japan Teriyaki & Sushi Express,breakfast,(718) 898-8898,"3721 Junction Blvd, New York, NY 11368",$,3.5,28,japanese
mESab-FqL5QqSVsnX72asQ,Zen Ramen & Sushi,breakfast,(646) 870-7509,"150 W 36th street, New York, NY 10018",$$,4.5,2369,japanese
I8FKEPOp_YBg7ue7BPbsEw,Sum Ramen,breakfast,(973) 900-3722,"188 Essex St, Millburn, NJ 07041",$$,4.5,71,japanese
JXCiSk6ZbczHXZ9kfBEsOA,1st Ave Gourmet,breakfast,(212) 472-8480,"1274 1st Ave, New York, NY 10065",$,3.0,49,japanese
Zjdtcex73QIz2_MvEvDrFQ,MakiMaki Sushi,breakfast,(212) 245-4550,"1369 6th Ave, New York, NY 10019",$$,4.0,237,japanese
nhez4xxvwwYIQEN2Vrj9mQ,YUJI Ramen,breakfast,,"150 Ainslie St, Brooklyn, NY 11211",$$,4.0,134,japanese
7zabQq0iS0xahClnSI3W8w,YOI Ramen & Tea,breakfast,(917) 388-2808,"573 2nd Ave, New York, NY 10016",,4.5,13,japanese
JPEIN-ZFo0-6X06nz6cfYA,Sushi Daizen,breakfast,(718) 729-1297,"47-38 Vernon Blvd, Long Island City, NY 11101",$$$$,4.5,140,japanese
HwNGdMK77O-EzKLpmwT7yw,Kumi Restaurant and Bar,breakfast,(212) 671-0439,"120 W 57th St, New York, NY 10019",,4.5,31,japanese
CqQ2Og9kf-LhlUWtODalCQ,Blue Ribbon Sushi Bar & Grill - Columbus Circle,breakfast,(212) 397-0404,"308 W 58th St, 6 Columbus Hotel, New York, NY 10019",$$$,4.0,818,japanese
D65eObUbArHu6UiQsUasgw,HinoMaru Ramen,breakfast,(718) 777-0228,"33-18 Ditmars Blvd, Astoria, NY 11105",$$,4.0,940,japanese
J9UA6rzI5WW_cDGjwDnF5g,Tsurutontan Udon Noodle Brasserie,breakfast,(212) 989-1000,"21 E 16th St, New York, NY 10003",$$,4.0,2189,japanese
5QgBCrAbXbM1ORiqZDrBPQ,Cha-An,breakfast,(212) 228-8030,"230 E 9th St, Fl 2, New York, NY 10003",$$,4.0,1892,japanese
0IlPgT9j_85PuLDs8ZqiUw,BentOn Cafe,breakfast,(212) 922-9788,"156 E 45th St, New York, NY 10017",$,4.0,154,japanese
xrnk8mgoV7up6fauVmugpw,Jun-Men Ramen Bar,breakfast,(646) 852-6787,"249 9th Ave, New York, NY 10001",$$,4.0,687,japanese
raelHbSJ_gTo701c-KyXWg,Minca,breakfast,(212) 505-8001,"536 E 5th St, New York, NY 10009",$$,4.0,1710,japanese
ZrzSDDj54aUlPqn4MQMKeQ,Momo Sushi Shack,breakfast,(718) 418-6666,"43 Bogart St, Brooklyn, NY 11206",$$,4.0,664,japanese
TBp9gdS6xEbSQqffVZ7iag,KazuNori  | The Original Hand Roll Bar,breakfast,(347) 594-5940,"15 W 28th St, New York, NY 10001",$$,4.5,1264,japanese
b7Eg41LKjL2BtOXEqVCoeQ,Ramen Misoya,breakfast,(212) 677-4825,"129 2nd Ave, New York, NY 10003",$$,4.0,977,japanese
XOUhjDQ4nRn8-u-79MHFww,Kohoku-Ku Ramen,breakfast,(646) 478-7886,"709 9th Ave, New York, NY 10019",$$,4.5,143,japanese
JUPxlDVMxuRSsqMcH6RCVg,Mitsuwa Marketplace,breakfast,(201) 941-9113,"595 River Rd, Edgewater, NJ 07020",$$,4.5,1818,japanese
7iY35991NhQ1AShJZCNZgA,Sakagura,breakfast,(212) 953-7253,"211 E 43rd St, New York, NY 10017",$$$$,4.0,1846,japanese
Bm_OeNNmJ6Q8FXUDzGzfHw,K Minamoto,breakfast,(212) 489-3747,"509 Madison Ave, New York, NY 10022",$$$,4.5,166,japanese
klAhw3xLQi9GF1tf_HnS7w,Izakaya MEW,breakfast,(646) 368-9384,"53 W 35th St, New York, NY 10001",$$,4.0,2655,japanese
ULDVJYTT-47RqbLtlR_FUA,Ootoya Union Square,breakfast,(212) 473-4300,"41 E 11th St, New York, NY 10003",$$,4.0,380,japanese
i8ejDDR4COtukAAA1Ls5fw,Soba-ya,breakfast,(212) 533-6966,"229 E 9th St, New York, NY 10003",$$,4.0,1523,japanese
d8qCvlsG3jwxQPZc_OGogQ,Hibino,breakfast,(718) 260-8052,"333 Henry St, Brooklyn, NY 11201",$$,4.0,411,japanese
Ta1tudYs2rPuxo-Hcn7_NQ,Gosuke Akimitsu,breakfast,(646) 861-1741,"235 W 35th St, New York, NY 10001",,4.5,36,japanese
NQbh8zKPqILV6WeYSOM-yQ,Makana Hawaiian & Japanese BBQ,breakfast,(212) 996-3534,"2245 1st Ave, New York, NY 10029",$$,3.0,195,japanese
BCGZ-0WSLEuLviYJuUXWjg,Sushi Fussion 47th NYC,breakfast,(212) 221-7480,"26 W 47th St, Lower Level, New York, NY 10036",$$,4.5,14,japanese
nOyivdUQpQ0aNHD4lRVxSg,Katsuya,breakfast,(212) 920-6816,"398 10th Ave, New York, NY 10001",,4.0,62,japanese
_FhKGcCbiYgtkXcCiwTAiA,Aburiya Kinnosuke,breakfast,(212) 867-5454,"213 E 45th St, New York, NY 10017",$$$,4.0,796,japanese
1xxx4X6harPvGMcPmS15BA,Miso Ramen,breakfast,(201) 333-8634,"189 Newark Ave, Jersey City, NJ 07302",$$,4.0,483,japanese
WLl0nKeWBksVM5SkKKuLpg,TabeTomo,breakfast,(646) 850-6414,"131 Avenue A, New York, NY 10009",$$,4.0,501,japanese
nZdo3ihbeX0l9eLBFS-nWg,DOMODOMO Jersey City,breakfast,(201) 267-0222,"200 Greene St, Jersey City, NJ 07302",,4.5,569,japanese
Yv2W9NMGgLiFHjatC-oHag,mochiron,breakfast,(347) 808-9089,"34-18 30th Ave, Astoria, NY 11103",$$,4.0,120,japanese
4Jp0wdJXLpmgCwWv6o6YEQ,Torishin,breakfast,(212) 757-0108,"362 W 53rd St, New York, NY 10019",$$$$,4.0,342,japanese
UB5emSFilql0J10Jx4AHXA,Watawa Sushi,breakfast,(718) 545-9596,"33-10 Ditmars Blvd, Astoria, NY 11105",$$,4.0,962,japanese
Ece_DRuD1yQjRPJBAebRpw,Kung Fu Little Steamed Buns Ramen,breakfast,(212) 804-8556,"146 E 55th St, New York, NY 10022",$$,3.5,362,japanese
JRmQRFEEnSUdAcesHun9AQ,ICHIRAN - Brooklyn,breakfast,(718) 381-0491,"374 Johnson Ave, Brooklyn, NY 11206",$$,4.0,1278,japanese
abNHO9-xlCsv31gghCUuxw,Zutto Japanese American Pub,breakfast,(212) 233-3287,"77 Hudson St, New York, NY 10013",$$,4.0,969,japanese
PRQyJoum--REZ-yeEidyBg,Soba Noodle Azuma,breakfast,(201) 585-1319,"246 Main St, Fort Lee, NJ 07024",$$,4.5,397,japanese
TQT8SsOsJO2WeQ7W7T43-w,nooks Organic,breakfast,(516) 621-8510,"1356 Old Northern Blvd, Inside of Delicacies, Roslyn, NY 11576",$$,4.0,56,japanese
6EArjn_iacj-yGVLTKWuEQ,Fushimi Williamsburg,breakfast,(718) 963-2555,"475 Driggs Ave, Brooklyn, NY 11211",$$,4.0,775,japanese
QbAfrOxbuYKU248SDXHZEQ,R,breakfast,,"Midtown W, New York, NY 10019",$$,4.0,5473,japanese
dgU5NoylJVJ5rDZY_PezkA,Blackbeard Ramen,breakfast,(201) 943-8003,"607 Gorge Rd, Cliffside Park, NJ 07010",$$,4.5,580,japanese
0eLtFI6MeEYM2rlMtcjRaQ,IZAKAYA E.A.K. Hell's Kitchen,breakfast,(646) 850-8032,"360 W 46th St, New York, NY 10036",$$,4.0,214,japanese
TZG0qTIGdeOtCkBrSU6v0Q,Minami Lounge,breakfast,(917) 909-1896,"299 S 4th St, Brooklyn, NY 11211",$$,4.0,73,japanese
ieXKc6S3WlEiVkyxgaF9Ig,Tempura Matsui,breakfast,(212) 986-8885,"222 E 39th St, New York, NY 10016",$$$$,4.5,173,japanese
qU3ejLMndurKQTkM01gutg,Zuma,breakfast,(212) 544-9862,"261 Madison Ave, New York, NY 10016",$$$$,3.5,744,japanese
uaFHoq-a5XqxF-bsOK9_Qg,Real Kung Fu Little Steamed Buns Ramen,breakfast,(917) 388-2555,"811 8th Ave, New York, NY 10019",$$,3.5,1096,japanese
NRJq2BNcbjqAyxUB_bw7gw,Momoya,breakfast,(212) 989-4466,"185 7th Ave, New York, NY 10011",$$,4.0,782,japanese
ZfuZ2byArGq-5j8zX8Afeg,Zest Sushi,breakfast,(212) 677-3158,"249 Broome St, New York, NY 10002",$$,4.0,914,japanese
iHwhkW0LLlu81ZCir-lFQA,Gari Columbus,breakfast,(212) 362-4816,"370 Columbus Ave, New York, NY 10024",$$$$,4.0,345,japanese
pS7aJrWCGRuVqflukwiFDw,Wasabi Sushi & Bento,breakfast,(917) 261-2437,"185 Greenwich St, Ste LL3115, New York, NY 10007",$,3.0,35,japanese
vgHwR_1RQTHFjEXeY0oUnA,JAZZ at KITANO,breakfast,(212) 885-7123,"66 Park Ave E 38th St, Lobby Level, New York, NY 10016",$$$,3.5,44,japanese
zGAQqDu0Ak2khVYs9WdQxw,Sushi Nakazawa,breakfast,(212) 924-2212,"23 Commerce St, New York, NY 10014",$$$$,4.5,1624,japanese
tFFLetrWW6-7KW74eryspQ,Mama Sushi,breakfast,(646) 682-7879,"3569 Broadway, New York, NY 10031",$$,3.5,445,japanese
P_UREWCQxEYVbBa-KW_Wew,EN Japanese Brasserie,breakfast,(212) 647-9196,"435 Hudson St, New York, NY 10014",$$$,4.0,1336,japanese
0FOE_TW-91b9wN661lZMyQ,mokbar,breakfast,(646) 775-1169,"75 9th Ave, New York, NY 10011",$$,3.5,609,japanese
zuD-iB7hV_dnf_JzBk_DCQ,Juku,breakfast,(646) 590-2111,"32 Mulberry St, New York, NY 10013",$$$,4.0,148,japanese
5Akss-swwfyoSVeIsDBbvw,Basta Pasta,breakfast,(212) 366-0888,"37 W 17th St, New York, NY 10011",$$,4.0,1502,japanese
HFn1sPqKSzvxaMk2n2ZtJw,Kotobuki Manhattan,breakfast,(212) 353-5088,"56 3rd Ave, New York, NY 10003",$$,4.0,700,japanese
25KSIumOXSnysnUIGAhNYw,Fuji Hibachi,breakfast,(212) 757-1820,"321 W 42nd St, New York, NY 10036",$$,3.5,377,japanese
gsqZEDmd2AvzJPy8aYC0Bg,Ramen Musashi,breakfast,(914) 874-5290,"816 White Plains Rd, Scarsdale, NY 10583",$$,4.5,115,japanese
6lUsFj0KCao678o9L7QwUw,Hatsuhana,breakfast,(212) 355-3345,"17 E 48th St, New York, NY 10017",$$$,4.0,1453,japanese
wcwftlB-61XG4ymGTR61aw,SakaMai,breakfast,(646) 590-0684,"157 Ludlow St, New York, NY 10002",$$$,4.0,753,japanese
W2Dj_3C2ySoXgg1SaGVj6g,Nippon Cha,breakfast,(718) 229-0805,"39-34 Bell Blvd, Bayside, NY 11361",$$,4.0,1002,japanese
CCdr4HW5FmaRL6GzCa01BQ,Natsu Japanese Restaurant,breakfast,(212) 227-8878,"321 Broadway, Manhattan, NY 10007",$$,3.5,6,japanese
lxQ-tzFmL1tmUqZUN-CSRQ,Bozu,breakfast,(718) 384-7770,"296 Grand St, Brooklyn, NY 11211",$$,4.0,868,japanese
V0iszuSRO9V-uZ8QIzuLBA,Kasumi Sushi & BBQ,breakfast,(718) 975-6999,"1870 86th St, Brooklyn, NY 11214",$$,3.5,68,japanese
EzuRT_4vOrvWdHqZzEFf0w,Oh Taisho,breakfast,(212) 673-1300,"9 Saint Marks Pl, New York, NY 10003",$$,3.5,1021,japanese
4CAJ-JvgbzBdoWq1CXtCFw,Umi Sushi,breakfast,(718) 969-8298,"177-13 Union Tpke, Fresh Meadows, NY 11366",$$,4.5,776,japanese
mIhqKMgru4002wfrVW-Gfw,ChikaLicious Dessert Bar,breakfast,(212) 995-9511,"203 E 10th St, New York, NY 10003",$$,4.0,1363,japanese
wcs0Qm2PshPz0ifTsJK3YA,Dainobu,breakfast,(212) 755-7380,"129 E 47th St, New York, NY 10017",$,3.5,222,japanese
itblJyiTY2h2ACidLk66oA,Takahachi,breakfast,(212) 505-6524,"85 Ave A, New York, NY 10009",$$,4.0,592,japanese
tJE_W03jUfwl9QtQhy-8Yg,Redcork,breakfast,(212) 707-8248,"330 W 58th St, New York, NY 10019",$$,3.5,66,japanese
09y5uyX7z41mjoA9fVF1bQ,Tang Restaurant,breakfast,(718) 279-7080,"196-50 Northern Blvd, Flushing, NY 11358",$$,4.0,749,japanese
M2bvOwAbCjLUvMbAF6h3-w,Sapporo Ichiban,breakfast,(718) 389-9697,"622 Manhattan Ave, Brooklyn, NY 11222",$$,4.0,274,japanese
znY0G5kSaPAfjsQ9sILWZw,Shiso,breakfast,(866) 508-3558,"John F Kennedy International Airport Queens, Terminal 2, Queens, NY 11430",$$,2.5,53,japanese
egj-Wx-beN1YUhreslnQpw,TOKU,breakfast,(516) 627-8658,"2014 Northern Blvd, Manhasset, NY 11030",$$$,3.5,504,japanese
o0G_zp_XgP6Pr-WY4LLHLQ,Omen Azen,breakfast,(212) 925-8923,"113 Thompson St, New York, NY 10012",$$$,3.5,111,japanese
0Lnp_fi3gI2bfJ8RcMDfjg,Gen,breakfast,(718) 398-3550,"659 Washington Ave, Brooklyn, NY 11238",$$,4.0,295,japanese
i9W3EVA6FjB6lWWSEmhndA,Sake Bar Decibel,breakfast,(212) 979-2733,"240 E 9th St, New York, NY 10003",$$,4.0,1040,japanese
-Q8MYIWoE4EsGQtudIOY0w,Bua Thai Ramen & Robata Grill,breakfast,(212) 879-7999,"1611 2nd Ave, New York, NY 10028",$$,4.5,1721,japanese
Jwa9ibcOtv42oNpqdE7z8A,Ani Ramen House,breakfast,(201) 408-9811,"218 Newark Ave, Jersey City, NJ 07302",$$,4.0,729,japanese
bvU8isunruqpq4LPbJ67nA,Bayridge Sushi,breakfast,(718) 491-0662,"6914 3rd Ave, Brooklyn, NY 11209",$$,3.5,242,japanese
HZWHBfeuP4Fb6y8b8uqnbA,Sushi Yasaka,breakfast,(212) 496-8460,"251 W 72nd St, New York, NY 10023",$$,4.0,1937,japanese
5zO24ZKYVnca0jbY2gpIzw,Hudson Sushi,breakfast,(201) 583-9664,"4525 Broadway, Union City, NJ 07087",$$,4.0,153,japanese
oB2cpcZNyjDklNqZN0n8hg,Sushi Ishikawa,breakfast,(212) 651-7292,"419 E 74th St, New York, NY 10021",$$$$,4.5,309,japanese
Qi1AoRNcFEX8etII_RZkFg,Ajisai Japanese Fusion,breakfast,(212) 355-0888,"795 Lexington Ave, New York, NY 10065",$$,3.5,171,japanese
Ycz0lIQObftqCnJJvln2WQ,HanaMichi,breakfast,(212) 736-5393,"28 W 32nd St, New York, NY 10001",$$,3.0,487,japanese
OaZEhQDf4AVYDhyK3WuVjA,Deep Blue,breakfast,(866) 508-3558,"John F Kennedy International Airport, Terminal 5, Jamaica, NY 11430",$$,3.0,354,japanese
7EaiwMVaNdQibSs0yYkE5Q,Sushi Yasuda,breakfast,(212) 972-1001,"204 E 43rd St, New York, NY 10017",$$$$,4.0,2226,japanese
gSkAfUFw_iM2CX2FqC6TwA,Sushi Time,breakfast,(718) 261-0111,"72-42 Austin St, Forest Hills, NY 11375",$$,4.5,574,japanese
xkE0d6R30HpfdNeFhRhxGw,Omusubi Gonbei,breakfast,(201) 402-3779,"595 River Rd, Edgewater, NJ 07020",$,3.5,141,japanese
VKumFZfT7f_FVFWjbPBAhA,Hagane,breakfast,(718) 835-8385,"161-02 Crossbay Blvd, Howard Beach, NY 11414",$$,3.5,156,japanese
8b7Nr6624zlBJTf8zYyrLw,Mama Sushi,breakfast,(212) 544-0003,"237 Dyckman St, New York, NY 10034",$$,3.0,832,japanese
_bAzUMm9ryzW7I6G7Nt3EA,Macy's Chef Street,breakfast,(212) 868-3001,"151 West 34th St, New York, NY 10001",$$,2.5,31,japanese
7j6CGUCw93gEsYqSetCstw,Hamachi 34,breakfast,(646) 559-8800,"56 E 34th St, New York, NY 10016",$$,4.0,415,japanese
0vSAR3Ym2fuehBvHSZyqIQ,Koi Restaurant,breakfast,(212) 921-3330,"40 W 40th St, New York, NY 10018",$$$,3.5,809,japanese
RRNU27hv8rhBYx-mOinwRA,Hokkaido Ramen Santouka,breakfast,(201) 941-1004,"595 River Rd, Edgewater, NJ 07020",$$,4.0,733,japanese
oyyubJoK0VZ2V3a5sVJULg,Natsumi,breakfast,(212) 258-2988,"226 W 50th St, New York, NY 10019",$$$,4.0,921,japanese
5w8CYpHKq8oQth42wSpt-g,Ariyoshi,breakfast,(718) 937-3288,"4113 Queens Blvd, Sunnyside, NY 11104",$$,3.5,330,japanese
qiw9Kgsu5YVGrQL_OeDmcQ,Hide-Chan Ramen,breakfast,(212) 813-1800,"248 E 52nd St, Fl 2, New York, NY 10022",$$,3.5,1370,japanese
xUD5j3fq3CExLfyV-GhHPA,Tabata Ramen,breakfast,(212) 290-7691,"540 9th Ave, New York, NY 10018",$$,3.5,638,japanese
njmOPpVZxIseG262NPfspA,Miyabi Sushi & Asian Cusine,breakfast,(212) 228-1688,"118 W 3rd St, New York, NY 10012",$$,4.0,391,japanese
5tYNXfqV_QFtIOpmSrAp5A,Kaedama,breakfast,(866) 508-3558,"3 Brewster Rd, Terminal C, Newark, NJ 07132",$$,2.5,186,japanese
bw921mQXx2tZR7AqYgjYEg,Akai Scarsdale,breakfast,(914) 722-2022,"57 Spencer Pl, Scarsdale, NY 10583",,4.0,40,japanese
tEarOYdR8AZOLz6ofb1PfQ,Kido Sushi,breakfast,(718) 271-3688,"90-15 Queens Blvd, Elmhurst, NY 11373",$$,3.0,104,japanese
Nukulm8uVSjn0zMWk_u4IA,Sushi-Ann Restaurant,breakfast,(212) 755-1780,"38 E 51st St, New York, NY 10022",$$$$,3.5,131,japanese
D3LtTiVtIPOcUT_bjxztRA,Teppan Bar & Grill,breakfast,(201) 451-9989,"319 Warren St, Jersey City, NJ 07302",$$,3.5,587,japanese
Fv6ueSQwc_ITpXEhybHvtA,RA Sushi Times Square,breakfast,(212) 398-9810,"229 West 43rd St, Unit 221, New York, NY 10036",$$,3.5,867,japanese
FgRJsieXorHgI-2XzGxh5A,Nikko Hibachi,breakfast,(718) 820-8818,"177-21 Union Tpke, Fresh Meadows, NY 11366",$$,3.5,404,japanese
5poiPRYLyKFv_yKAXPT1CQ,Sora Japanese Cuisine & Sushi Bar,breakfast,(973) 242-0547,"1 Newark Airport, Terminal B, Newark, NJ 07114",$$,2.0,185,japanese
dz88dkY9JaoXe2sF8MSjVQ,Benihana - New York,breakfast,(212) 581-0930,"47 W 56th St, New York, NY 10019",$$$,2.5,1313,japanese
bxbWfwv3TjA2x7PfM5rDEA,Benihana,breakfast,(516) 627-3400,"2105 Northern Blvd, Manhasset, NY 11030",$$,2.5,398,japanese
KdLP9XehfVmNonUg8O6taA,Bamboo Ya,breakfast,(718) 806-1228,"97-11 Queens Blvd, Rego Park, NY 11374",$$,4.0,316,japanese
eyP-s_3-3Rt27s2b77wKgg,Tori Ramen & Chicken,breakfast,(201) 857-0908,"40 Chestnut St, Ridgewood, NJ 07450",$$,4.0,367,japanese
8hxvfFZH4kPp35kH5DhnIw,Kumo Sushi,breakfast,(212) 580-5900,"165 W 72nd St, New York, NY 10023",$$,3.0,185,japanese
2CMgTjJoC3II30mxRy-G8A,Mira Sushi - Queens,breakfast,(718) 380-7777,"153-11 Union Tpke, Flushing, NY 11367",$$,3.5,242,japanese
3Jr_9I2ouYHDNk8XWKdZ3w,Sasabune,breakfast,(212) 249-8583,"401 E 73rd St, New York, NY 10021",$$$$,4.0,421,japanese
xA1qtuegpy7skuVLb-CkQA,Aji Sushi,breakfast,(212) 227-2108,"838 2nd Ave, New York, NY 10017",$$,3.5,196,japanese
fnkwdHzOecZ_RLDTjJiHUw,Sariku,breakfast,(212) 689-1026,"174 Lexington Ave, New York, NY 10016",$$,3.0,38,japanese
kYURnv37Z5P_sir_QJGHzg,Sake Sushi,breakfast,(718) 996-6288,"2347 86th St, Brooklyn, NY 11214",$$,3.5,799,japanese
kAwN-eXOLkZ4OJSRgmjojw,Futigi,breakfast,(718) 380-8878,"164-04 69th Ave, Fresh Meadows, NY 11365",$$,3.0,136,japanese
kNktjP6V1gxwfEA_AHVxhA,Bop & Sushi,breakfast,(201) 722-8687,"441 Broadway, Westwood, NJ 07675",$$,4.5,254,japanese
9MBNbh-0QtzA8UcBCjaNcg,Omiya Sushi,breakfast,(718) 748-1977,"8618 4th Ave, Brooklyn, NY 11209",$$,3.5,232,japanese
YUupWsGbZx-bGea9fdmW4w,Ko Sushi,breakfast,(212) 439-1678,"1329 2nd Ave, New York, NY 10021",$$,3.5,363,japanese
lIix5qMI4q5bfCTO4wxkgA,Pink Nori,breakfast,(718) 685-2365,"36-06 30th Ave, Astoria, NY 11103",$$,4.0,481,japanese
aM16dwL-YrWuunS_Dai5vw,Kiku Alpine Restaurant,breakfast,(201) 767-6322,"385 US Rt 9W, Ste 9, Alpine, NJ 07620",$$$,2.5,149,japanese
iv2F1mMlhNo46r7T1XXG-w,Umami Sushi,breakfast,(914) 231-9443,"724 Saw Mill River Rd, Ardsley, NY 10502",$$,4.0,65,japanese
3HbEBJMy2AfI7Z-3wzQOVw,Fogama,breakfast,(914) 921-6888,"92 Purchase St, Rye, NY 10580",$$$,4.0,61,japanese
NlgC8TjNuf8sy6qg2xpqsQ,Yuka Japanese Restaurant,breakfast,(212) 772-9675,"1557 2nd Ave, New York, NY 10028",$$,3.5,618,japanese
uVHa8BktK6jjYTaSxra-sg,Nizi Sushi,breakfast,(201) 804-7666,"340 Paterson Ave, East Rutherford, NJ 07073",$$,4.5,665,japanese
laGdC32pXQLaxTwF8czB9g,Sarku,breakfast,,"Newark Liberty International Airport, Sp.  105, Terminal C3, Newark, NJ 07114",,2.0,5,japanese
xAEs5QnuL8uMNWjmUGpK7g,Fushimi Bay Ridge,breakfast,(718) 833-7788,"9316 4th Ave, Brooklyn, NY 11209",$$,3.5,446,japanese
p7HH7fLzx_H1y2hkttYxtg,Robongi,breakfast,(201) 222-8388,"520 Washington St, Hoboken, NJ 07030",$$,3.5,510,japanese
L_DtFV5YgImO_5oo0zvo2Q,Fusha Asian Bistro,breakfast,(848) 260-0777,"452 Main St, Metuchen, NJ 08840",$$,4.0,160,japanese
eHRHRMgh1WyDt79vlJIW0A,Naniwa Sushi,breakfast,(718) 376-2880,"276 Kings Hwy, Brooklyn, NY 11223",$$,3.5,118,japanese
ROc7Z71x3BMMat9mRJ2Bdg,Imperial 46 Restaurant,breakfast,(973) 256-8468,"1570 US Hwy 46, Woodland Park, NJ 07424",$$,4.0,427,japanese
jYia13i0CBwNXadzAAxLJg,Arirang Hibachi Steakhouse,breakfast,(718) 238-9880,"8814 4th Ave, Brooklyn, NY 11209",$$,3.5,435,japanese
t9WWw6ZDk7lLksrbrc8kgg,Flaming Grill & Buffet,breakfast,(908) 862-8866,"1701 W Edgar Rd, Unit B, Linden, NJ 07036",$$,3.0,146,japanese
caQy6qyVm5M_fXFoJWTbRQ,Lee's Sushi,breakfast,(973) 694-2425,"1475 Rt 23, Wayne, NJ 07470",$$,4.0,169,japanese
gNDaXUNnl1B1NKyoMN6x5Q,Fuji Japanese Cuisine,breakfast,(718) 263-3636,"11327 Queens Blvd, Forest Hills, NY 11375",$$,3.0,324,japanese
eZ_8cFyqTdDzowmA21Wh7g,Yummy Yummy Asian Bistro,breakfast,(516) 897-5598,"153 E Park Ave, Long Beach, NY 11561",$$,3.5,180,japanese
NWOctchYbXjR9yNHLlCj8A,So Far So Good,breakfast,(516) 599-2131,"17 Broadway, Lynbrook, NY 11563",$$,3.5,206,japanese
Pra_Vth5cMCIJv4cehzTCA,Kishuya Ramen Bar & Izakaya,breakfast,(914) 949-0600,"163 S Central Ave, Hartsdale, NY 10530",$$,3.5,184,japanese
063dIcpdO00CRfqJrcFEBw,Daruma of Tokyo,breakfast,(516) 466-4180,"95 Middle Neck Rd, Great Neck, NY 11021",$$,3.5,90,japanese
F7F-6Ie1K9d3Lt8aOCHGeg,Shogun Wok Edison,breakfast,(732) 548-1500,"251 Lafayette Rd, Edison, NJ 08837",$$,2.5,69,japanese
